,0
0,"at(15604, 'di', 241538)"
1,"at(15604, 'di', 202327)"
2,"at(15604, 'di', 73869)"
3,"at(15604, 'di', 29691)"
4,"at(15604, 'di', 27480)"
5,"at(15604, 'di', 49378)"
6,"at(15604, 'di', 209419)"
7,"at(15604, 'di', 27455)"
8,"at(15604, 'di', 179357)"
9,"at(15604, 'di', 221862)"
10,"at(15604, 'di', 155993)"
11,"at(15604, 'di', 153228)"
12,"at(15604, 'di', 27479)"
13,"at(15604, 'di', 138041)"
14,"at(15604, 'di', 74312)"
15,"at(15604, 'di', 219690)"
16,"at(15604, 'di', 42501)"
17,"at(15604, 'di', 137590)"
18,"at(15604, 'di', 208105)"
19,"at(15604, 'di', 79956)"
20,"at(15604, 'di', 242053)"
21,"at(15604, 'di', 254282)"
22,"at(15604, 'di', 192571)"
23,"at(15604, 'di', 22785)"
24,"at(15604, 'di', 76513)"
25,"at(15604, 'di', 227679)"
26,"at(15604, 'di', 31989)"
27,"at(15604, 'di', 83220)"
28,"at(15604, 'di', 196678)"
29,"at(15604, 'di', 245046)"
30,"at(15604, 'di', 176085)"
31,"at(15604, 'di', 256480)"
32,"at(15604, 'di', 122689)"
33,"at(15604, 'di', 43335)"
34,"at(15604, 'di', 228176)"
35,"at(15604, 'di', 66992)"
36,"at(15604, 'di', 49155)"
37,"at(15604, 'di', 160377)"
38,"at(15604, 'di', 171685)"
39,"at(15604, 'di', 89835)"
40,"at(15604, 'di', 176647)"
41,"at(15604, 'di', 63445)"
42,"at(15604, 'di', 30301)"
43,"at(15604, 'di', 83366)"
44,"at(15604, 'di', 126139)"
45,"at(15604, 'di', 56711)"
46,"at(15604, 'di', 242314)"
47,"at(15604, 'di', 154505)"
48,"at(15604, 'di', 70691)"
49,"at(15604, 'di', 105298)"
50,"at(15604, 'di', 206406)"
51,"at(15604, 'di', 103862)"
52,"at(15604, 'di', 209739)"
53,"at(15604, 'di', 252889)"
54,"at(15604, 'di', 153958)"
55,"at(15604, 'di', 110523)"
56,"at(15604, 'di', 110136)"
57,"at(15604, 'di', 137331)"
58,"at(15604, 'di', 84292)"
59,"at(22785, 'di', 242053)"
60,"at(22785, 'di', 76513)"
61,"at(22785, 'di', 83220)"
62,"at(22785, 'di', 196678)"
63,"at(22785, 'di', 254282)"
64,"at(22785, 'di', 137590)"
65,"at(22785, 'di', 42501)"
66,"at(22785, 'di', 176085)"
67,"at(22785, 'di', 31989)"
68,"at(22785, 'di', 219690)"
69,"at(22785, 'ov', 256480)"
70,"at(22785, 'di', 122689)"
71,"at(22785, 'di', 228176)"
72,"at(22785, 'di', 49155)"
73,"at(22785, 'di', 192571)"
74,"at(22785, 'di', 245046)"
75,"at(22785, 'di', 160377)"
76,"at(22785, 'di', 155993)"
77,"at(22785, 'di', 153228)"
78,"at(22785, 'di', 49378)"
79,"at(22785, 'di', 89835)"
80,"at(22785, 'di', 27455)"
81,"at(22785, 'di', 63445)"
82,"at(22785, 'di', 171685)"
83,"at(22785, 'di', 221862)"
84,"at(22785, 'di', 202327)"
85,"at(22785, 'di', 179357)"
86,"at(22785, 'di', 138041)"
87,"at(22785, 'di', 74312)"
88,"at(22785, 'di', 73869)"
89,"at(22785, 'di', 27479)"
90,"at(22785, 'di', 66992)"
91,"at(22785, 'di', 241538)"
92,"at(22785, 'di', 29691)"
93,"at(22785, 'di', 27480)"
94,"at(22785, 'di', 209419)"
95,"at(22785, 'di', 103862)"
96,"at(22785, 'di', 206406)"
97,"at(22785, 'di', 83366)"
98,"at(22785, 'di', 242314)"
99,"at(22785, 'di', 252889)"
100,"at(22785, 'di', 105298)"
101,"at(22785, 'di', 30301)"
102,"at(22785, 'di', 70691)"
103,"at(22785, 'di', 110136)"
104,"at(22785, 'di', 110523)"
105,"at(22785, 'di', 154505)"
106,"at(22785, 'di', 209739)"
107,"at(22785, 'di', 56711)"
108,"at(22785, 'di', 126139)"
109,"at(22785, 'di', 153958)"
110,"at(22785, 'di', 176647)"
111,"at(22785, 'di', 137331)"
112,"at(22785, 'di', 208105)"
113,"at(22785, 'di', 84292)"
114,"at(22785, 'di', 79956)"
115,"at(22785, 'di', 227679)"
116,"at(22785, 'di', 43335)"
117,"at(27455, 'di', 49378)"
118,"at(27455, 'di', 155993)"
119,"at(27455, 'di', 202327)"
120,"at(27455, 'di', 73869)"
121,"at(27455, 'di', 138041)"
122,"at(27455, 'di', 241538)"
123,"at(27455, 'di', 153228)"
124,"at(27455, 'di', 221862)"
125,"at(27455, 'di', 209419)"
126,"at(27455, 'di', 179357)"
127,"at(27455, 'di', 29691)"
128,"at(27455, 'di', 137590)"
129,"at(27455, 'di', 42501)"
130,"at(27455, 'di', 27480)"
131,"at(27455, 'di', 219690)"
132,"at(27455, 'di', 192571)"
133,"at(27455, 'di', 27479)"
134,"at(27455, 'di', 242053)"
135,"at(27455, 'di', 254282)"
136,"at(27455, 'di', 74312)"
137,"at(27455, 'di', 76513)"
138,"at(27455, 'di', 31989)"
139,"at(27455, 'di', 83220)"
140,"at(27455, 'di', 245046)"
141,"at(27455, 'di', 196678)"
142,"at(27455, 'di', 176085)"
143,"at(27455, 'di', 208105)"
144,"at(27455, 'di', 256480)"
145,"at(27455, 'di', 122689)"
146,"at(27455, 'di', 79956)"
147,"at(27455, 'di', 66992)"
148,"at(27455, 'di', 228176)"
149,"at(27455, 'di', 160377)"
150,"at(27455, 'di', 49155)"
151,"at(27455, 'di', 227679)"
152,"at(27455, 'di', 171685)"
153,"at(27455, 'di', 89835)"
154,"at(27455, 'di', 63445)"
155,"at(27455, 'di', 176647)"
156,"at(27455, 'di', 30301)"
157,"at(27455, 'di', 83366)"
158,"at(27455, 'di', 242314)"
159,"at(27455, 'di', 56711)"
160,"at(27455, 'di', 126139)"
161,"at(27455, 'di', 154505)"
162,"at(27455, 'di', 43335)"
163,"at(27455, 'di', 70691)"
164,"at(27455, 'di', 105298)"
165,"at(27455, 'di', 209739)"
166,"at(27455, 'di', 252889)"
167,"at(27455, 'di', 206406)"
168,"at(27455, 'di', 103862)"
169,"at(27455, 'di', 153958)"
170,"at(27455, 'di', 110523)"
171,"at(27455, 'di', 137331)"
172,"at(27455, 'di', 110136)"
173,"at(27455, 'di', 84292)"
174,"at(27480, 'di', 29691)"
175,"at(27479, 'di', 74312)"
176,"at(27479, 'di', 179357)"
177,"at(27480, 'di', 241538)"
178,"at(27479, 'di', 221862)"
179,"at(27480, 'di', 179357)"
180,"at(27479, 'di', 153228)"
181,"at(27480, 'di', 209419)"
182,"at(27480, 'di', 202327)"
183,"at(27479, 'di', 29691)"
184,"at(27479, 'di', 27480)"
185,"at(27480, 'di', 221862)"
186,"at(27480, 'di', 73869)"
187,"at(27479, 'di', 241538)"
188,"at(27480, 'di', 74312)"
189,"at(27480, 'di', 153228)"
190,"at(27480, 'di', 49378)"
191,"at(27479, 'di', 202327)"
192,"at(27479, 'di', 49378)"
193,"at(27480, 'di', 79956)"
194,"at(27480, 'di', 155993)"
195,"at(27479, 'di', 73869)"
196,"at(27479, 'di', 219690)"
197,"at(27480, 'di', 227679)"
198,"at(27479, 'di', 209419)"
199,"at(27479, 'di', 155993)"
200,"at(27479, 'di', 42501)"
201,"at(27480, 'di', 208105)"
202,"at(27480, 'di', 138041)"
203,"at(27479, 'di', 137590)"
204,"at(27479, 'di', 254282)"
205,"at(27479, 'di', 242053)"
206,"at(27480, 'di', 219690)"
207,"at(27479, 'di', 31989)"
208,"at(27479, 'di', 227679)"
209,"at(27480, 'di', 42501)"
210,"at(27479, 'di', 76513)"
211,"at(27479, 'di', 79956)"
212,"at(27480, 'di', 137590)"
213,"at(27479, 'di', 138041)"
214,"at(27480, 'di', 242053)"
215,"at(27480, 'di', 254282)"
216,"at(27480, 'di', 43335)"
217,"at(27479, 'di', 176085)"
218,"at(27479, 'di', 83220)"
219,"at(27479, 'di', 196678)"
220,"at(27480, 'di', 76513)"
221,"at(27480, 'di', 31989)"
222,"at(27479, 'di', 43335)"
223,"at(27480, 'di', 192571)"
224,"at(27479, 'di', 122689)"
225,"at(27479, 'di', 256480)"
226,"at(27479, 'di', 208105)"
227,"at(27479, 'di', 192571)"
228,"at(27480, 'di', 83220)"
229,"at(27480, 'di', 196678)"
230,"at(27480, 'di', 176085)"
231,"at(27479, 'di', 171685)"
232,"at(27479, 'di', 228176)"
233,"at(27480, 'di', 256480)"
234,"at(27480, 'di', 122689)"
235,"at(27480, 'di', 245046)"
236,"at(27479, 'di', 245046)"
237,"at(27479, 'di', 49155)"
238,"at(27479, 'di', 89835)"
239,"at(27480, 'di', 228176)"
240,"at(27479, 'di', 63445)"
241,"at(27479, 'di', 160377)"
242,"at(27480, 'di', 49155)"
243,"at(27480, 'di', 171685)"
244,"at(27480, 'di', 66992)"
245,"at(27480, 'di', 160377)"
246,"at(27479, 'di', 66992)"
247,"at(27480, 'di', 89835)"
248,"at(27480, 'di', 63445)"
249,"at(27480, 'di', 176647)"
250,"at(27480, 'di', 30301)"
251,"at(27480, 'di', 83366)"
252,"at(27479, 'di', 83366)"
253,"at(27479, 'di', 176647)"
254,"at(27479, 'di', 30301)"
255,"at(27480, 'di', 126139)"
256,"at(27479, 'di', 103862)"
257,"at(27480, 'di', 56711)"
258,"at(27479, 'di', 242314)"
259,"at(27479, 'di', 206406)"
260,"at(27480, 'di', 242314)"
261,"at(27480, 'di', 154505)"
262,"at(27479, 'di', 105298)"
263,"at(27479, 'di', 252889)"
264,"at(27479, 'di', 56711)"
265,"at(27479, 'di', 154505)"
266,"at(27479, 'di', 110136)"
267,"at(27479, 'di', 126139)"
268,"at(27480, 'di', 70691)"
269,"at(27479, 'di', 70691)"
270,"at(27480, 'di', 105298)"
271,"at(27480, 'di', 103862)"
272,"at(27480, 'di', 206406)"
273,"at(27480, 'di', 252889)"
274,"at(27479, 'di', 209739)"
275,"at(27480, 'di', 209739)"
276,"at(27479, 'di', 110523)"
277,"at(27480, 'di', 153958)"
278,"at(27479, 'di', 153958)"
279,"at(27479, 'di', 84292)"
280,"at(27480, 'di', 110136)"
281,"at(27480, 'di', 110523)"
282,"at(27479, 'di', 137331)"
283,"at(27480, 'di', 137331)"
284,"at(27480, 'di', 84292)"
285,"at(29691, 'di', 241538)"
286,"at(29691, 'di', 179357)"
287,"at(29691, 'di', 209419)"
288,"at(29691, 'di', 202327)"
289,"at(29691, 'di', 221862)"
290,"at(29691, 'di', 73869)"
291,"at(29691, 'di', 74312)"
292,"at(29691, 'di', 153228)"
293,"at(29691, 'di', 49378)"
294,"at(29691, 'di', 155993)"
295,"at(29691, 'di', 79956)"
296,"at(29691, 'di', 227679)"
297,"at(29691, 'di', 138041)"
298,"at(29691, 'di', 208105)"
299,"at(29691, 'di', 219690)"
300,"at(29691, 'di', 42501)"
301,"at(29691, 'di', 137590)"
302,"at(29691, 'di', 242053)"
303,"at(29691, 'di', 254282)"
304,"at(29691, 'di', 76513)"
305,"at(29691, 'di', 43335)"
306,"at(29691, 'di', 31989)"
307,"at(29691, 'di', 192571)"
308,"at(29691, 'di', 83220)"
309,"at(29691, 'di', 196678)"
310,"at(29691, 'di', 176085)"
311,"at(29691, 'di', 256480)"
312,"at(29691, 'di', 122689)"
313,"at(29691, 'di', 245046)"
314,"at(29691, 'di', 228176)"
315,"at(29691, 'di', 49155)"
316,"at(29691, 'di', 171685)"
317,"at(29691, 'di', 66992)"
318,"at(29691, 'di', 160377)"
319,"at(29691, 'di', 89835)"
320,"at(29691, 'di', 63445)"
321,"at(29691, 'di', 176647)"
322,"at(29691, 'di', 30301)"
323,"at(29691, 'di', 83366)"
324,"at(29691, 'di', 126139)"
325,"at(29691, 'di', 56711)"
326,"at(29691, 'di', 242314)"
327,"at(29691, 'di', 154505)"
328,"at(29691, 'di', 70691)"
329,"at(29691, 'di', 105298)"
330,"at(29691, 'di', 103862)"
331,"at(29691, 'di', 206406)"
332,"at(29691, 'di', 252889)"
333,"at(29691, 'di', 209739)"
334,"at(29691, 'di', 153958)"
335,"at(29691, 'di', 110136)"
336,"at(29691, 'di', 110523)"
337,"at(29691, 'di', 137331)"
338,"at(29691, 'di', 84292)"
339,"at(30301, 'di', 154505)"
340,"at(30301, 'di', 56711)"
341,"at(30301, 'di', 83366)"
342,"at(30301, 'di', 126139)"
343,"at(30301, 'di', 66992)"
344,"at(30301, 'di', 70691)"
345,"at(30301, 'di', 153958)"
346,"at(30301, 'di', 242314)"
347,"at(30301, 'di', 209739)"
348,"at(30301, 'di', 176647)"
349,"at(30301, 'di', 245046)"
350,"at(30301, 'di', 105298)"
351,"at(30301, 'di', 137331)"
352,"at(30301, 'di', 192571)"
353,"at(30301, 'di', 160377)"
354,"at(30301, 'di', 110523)"
355,"at(30301, 'di', 252889)"
356,"at(30301, 'di', 138041)"
357,"at(30301, 'di', 196678)"
358,"at(30301, 'di', 83220)"
359,"at(30301, 'di', 49155)"
360,"at(30301, 'di', 155993)"
361,"at(30301, 'di', 137590)"
362,"at(30301, 'di', 206406)"
363,"at(30301, 'di', 228176)"
364,"at(30301, 'di', 242053)"
365,"at(30301, 'di', 256480)"
366,"at(30301, 'di', 76513)"
367,"at(30301, 'di', 176085)"
368,"at(30301, 'di', 63445)"
369,"at(30301, 'di', 254282)"
370,"at(30301, 'di', 42501)"
371,"at(30301, 'di', 49378)"
372,"at(30301, 'di', 103862)"
373,"at(30301, 'di', 122689)"
374,"at(30301, 'di', 219690)"
375,"at(30301, 'di', 89835)"
376,"at(30301, 'di', 73869)"
377,"at(30301, 'di', 202327)"
378,"at(30301, 'di', 31989)"
379,"at(30301, 'di', 153228)"
380,"at(30301, 'di', 209419)"
381,"at(30301, 'di', 241538)"
382,"at(30301, 'di', 221862)"
383,"at(30301, 'di', 171685)"
384,"at(30301, 'di', 179357)"
385,"at(30301, 'di', 110136)"
386,"at(30301, 'di', 208105)"
387,"at(30301, 'di', 74312)"
388,"at(30301, 'di', 84292)"
389,"at(30301, 'di', 79956)"
390,"at(30301, 'di', 227679)"
391,"at(30301, 'di', 43335)"
392,"at(31989, 'di', 254282)"
393,"at(31989, 'di', 76513)"
394,"at(31989, 'di', 242053)"
395,"at(31989, 'di', 176085)"
396,"at(31989, 'di', 122689)"
397,"at(31989, 'di', 219690)"
398,"at(31989, 'di', 42501)"
399,"at(31989, 'di', 256480)"
400,"at(31989, 'di', 83220)"
401,"at(31989, 'di', 196678)"
402,"at(31989, 'di', 137590)"
403,"at(31989, 'di', 228176)"
404,"at(31989, 'di', 171685)"
405,"at(31989, 'di', 49155)"
406,"at(31989, 'di', 153228)"
407,"at(31989, 'di', 89835)"
408,"at(31989, 'di', 63445)"
409,"at(31989, 'di', 221862)"
410,"at(31989, 'di', 49378)"
411,"at(31989, 'di', 155993)"
412,"at(31989, 'di', 74312)"
413,"at(31989, 'di', 179357)"
414,"at(31989, 'di', 160377)"
415,"at(31989, 'di', 192571)"
416,"at(31989, 'di', 245046)"
417,"at(31989, 'di', 202327)"
418,"at(31989, 'di', 73869)"
419,"at(31989, 'di', 241538)"
420,"at(31989, 'di', 138041)"
421,"at(31989, 'di', 103862)"
422,"at(31989, 'di', 209419)"
423,"at(31989, 'di', 66992)"
424,"at(31989, 'di', 206406)"
425,"at(31989, 'di', 252889)"
426,"at(31989, 'di', 110136)"
427,"at(31989, 'di', 105298)"
428,"at(31989, 'di', 242314)"
429,"at(31989, 'di', 83366)"
430,"at(31989, 'di', 110523)"
431,"at(31989, 'di', 84292)"
432,"at(31989, 'di', 70691)"
433,"at(31989, 'di', 209739)"
434,"at(31989, 'di', 79956)"
435,"at(31989, 'di', 154505)"
436,"at(31989, 'di', 227679)"
437,"at(31989, 'di', 208105)"
438,"at(31989, 'di', 56711)"
439,"at(31989, 'di', 153958)"
440,"at(31989, 'di', 137331)"
441,"at(31989, 'di', 126139)"
442,"at(31989, 'di', 176647)"
443,"at(31989, 'di', 43335)"
444,"at(42501, 'di', 219690)"
445,"at(42501, 'di', 137590)"
446,"at(42501, 'di', 242053)"
447,"at(42501, 'di', 254282)"
448,"at(42501, 'di', 76513)"
449,"at(42501, 'di', 83220)"
450,"at(42501, 'di', 196678)"
451,"at(42501, 'di', 176085)"
452,"at(42501, 'di', 153228)"
453,"at(42501, 'di', 256480)"
454,"at(42501, 'di', 122689)"
455,"at(42501, 'di', 49378)"
456,"at(42501, 'di', 155993)"
457,"at(42501, 'di', 221862)"
458,"at(42501, 'di', 228176)"
459,"at(42501, 'di', 202327)"
460,"at(42501, 'di', 179357)"
461,"at(42501, 'di', 192571)"
462,"at(42501, 'di', 74312)"
463,"at(42501, 'di', 49155)"
464,"at(42501, 'di', 73869)"
465,"at(42501, 'di', 245046)"
466,"at(42501, 'di', 171685)"
467,"at(42501, 'di', 241538)"
468,"at(42501, 'di', 138041)"
469,"at(42501, 'di', 89835)"
470,"at(42501, 'di', 160377)"
471,"at(42501, 'di', 63445)"
472,"at(42501, 'di', 209419)"
473,"at(42501, 'di', 66992)"
474,"at(42501, 'di', 103862)"
475,"at(42501, 'di', 83366)"
476,"at(42501, 'di', 206406)"
477,"at(42501, 'di', 242314)"
478,"at(42501, 'di', 252889)"
479,"at(42501, 'di', 105298)"
480,"at(42501, 'di', 79956)"
481,"at(42501, 'di', 208105)"
482,"at(42501, 'di', 227679)"
483,"at(42501, 'di', 70691)"
484,"at(42501, 'di', 110136)"
485,"at(42501, 'di', 154505)"
486,"at(42501, 'di', 56711)"
487,"at(42501, 'di', 209739)"
488,"at(42501, 'di', 110523)"
489,"at(42501, 'di', 176647)"
490,"at(42501, 'di', 126139)"
491,"at(42501, 'di', 153958)"
492,"at(42501, 'di', 43335)"
493,"at(42501, 'di', 84292)"
494,"at(42501, 'di', 137331)"
495,"at(43335, 'di', 227679)"
496,"at(43335, 'di', 79956)"
497,"at(43335, 'di', 74312)"
498,"at(43335, 'di', 179357)"
499,"at(43335, 'di', 241538)"
500,"at(43335, 'di', 221862)"
501,"at(43335, 'di', 209419)"
502,"at(43335, 'di', 208105)"
503,"at(43335, 'di', 153228)"
504,"at(43335, 'di', 73869)"
505,"at(43335, 'di', 202327)"
506,"at(43335, 'di', 49378)"
507,"at(43335, 'di', 155993)"
508,"at(43335, 'di', 219690)"
509,"at(43335, 'di', 138041)"
510,"at(43335, 'di', 137590)"
511,"at(43335, 'di', 254282)"
512,"at(43335, 'di', 242053)"
513,"at(43335, 'di', 76513)"
514,"at(43335, 'di', 192571)"
515,"at(43335, 'di', 176085)"
516,"at(43335, 'di', 83220)"
517,"at(43335, 'di', 196678)"
518,"at(43335, 'di', 122689)"
519,"at(43335, 'di', 256480)"
520,"at(43335, 'di', 171685)"
521,"at(43335, 'di', 245046)"
522,"at(43335, 'di', 228176)"
523,"at(43335, 'di', 49155)"
524,"at(43335, 'di', 89835)"
525,"at(43335, 'di', 160377)"
526,"at(43335, 'di', 63445)"
527,"at(43335, 'di', 66992)"
528,"at(43335, 'di', 176647)"
529,"at(43335, 'di', 83366)"
530,"at(43335, 'di', 126139)"
531,"at(43335, 'di', 56711)"
532,"at(43335, 'di', 242314)"
533,"at(43335, 'di', 154505)"
534,"at(43335, 'di', 103862)"
535,"at(43335, 'di', 206406)"
536,"at(43335, 'di', 105298)"
537,"at(43335, 'di', 70691)"
538,"at(43335, 'di', 110136)"
539,"at(43335, 'di', 252889)"
540,"at(43335, 'di', 209739)"
541,"at(43335, 'di', 153958)"
542,"at(43335, 'di', 84292)"
543,"at(43335, 'di', 110523)"
544,"at(43335, 'di', 137331)"
545,"at(49155, 'ov', 228176)"
546,"at(49155, 'di', 63445)"
547,"at(49155, 'di', 89835)"
548,"at(49155, 'di', 256480)"
549,"at(49155, 'di', 122689)"
550,"at(49155, 'di', 176085)"
551,"at(49155, 'di', 196678)"
552,"at(49155, 'di', 83220)"
553,"at(49155, 'di', 160377)"
554,"at(49155, 'di', 76513)"
555,"at(49155, 'di', 171685)"
556,"at(49155, 'di', 254282)"
557,"at(49155, 'di', 242053)"
558,"at(49155, 'di', 137590)"
559,"at(49155, 'di', 103862)"
560,"at(49155, 'di', 206406)"
561,"at(49155, 'di', 219690)"
562,"at(49155, 'di', 245046)"
563,"at(49155, 'di', 252889)"
564,"at(49155, 'di', 192571)"
565,"at(49155, 'di', 110136)"
566,"at(49155, 'di', 105298)"
567,"at(49155, 'di', 242314)"
568,"at(49155, 'di', 110523)"
569,"at(49155, 'di', 66992)"
570,"at(49155, 'di', 83366)"
571,"at(49155, 'di', 155993)"
572,"at(49155, 'di', 153228)"
573,"at(49155, 'di', 49378)"
574,"at(49155, 'di', 84292)"
575,"at(49155, 'di', 70691)"
576,"at(49155, 'di', 221862)"
577,"at(49155, 'di', 209739)"
578,"at(49155, 'di', 202327)"
579,"at(49155, 'di', 138041)"
580,"at(49155, 'di', 179357)"
581,"at(49155, 'di', 74312)"
582,"at(49155, 'di', 137331)"
583,"at(49155, 'di', 154505)"
584,"at(49155, 'di', 73869)"
585,"at(49155, 'di', 153958)"
586,"at(49155, 'di', 241538)"
587,"at(49155, 'di', 56711)"
588,"at(49155, 'di', 209419)"
589,"at(49155, 'di', 126139)"
590,"at(49155, 'di', 176647)"
591,"at(49155, 'di', 208105)"
592,"at(49155, 'di', 79956)"
593,"at(49155, 'di', 227679)"
594,"at(49378, 'di', 155993)"
595,"at(49378, 'di', 202327)"
596,"at(49378, 'di', 73869)"
597,"at(49378, 'di', 153228)"
598,"at(49378, 'di', 241538)"
599,"at(49378, 'di', 221862)"
600,"at(49378, 'di', 179357)"
601,"at(49378, 'di', 138041)"
602,"at(49378, 'di', 209419)"
603,"at(49378, 'di', 219690)"
604,"at(49378, 'di', 137590)"
605,"at(49378, 'di', 242053)"
606,"at(49378, 'di', 74312)"
607,"at(49378, 'di', 192571)"
608,"at(49378, 'di', 254282)"
609,"at(49378, 'di', 76513)"
610,"at(49378, 'di', 83220)"
611,"at(49378, 'di', 196678)"
612,"at(49378, 'di', 245046)"
613,"at(49378, 'di', 176085)"
614,"at(49378, 'di', 256480)"
615,"at(49378, 'di', 122689)"
616,"at(49378, 'di', 208105)"
617,"at(49378, 'di', 79956)"
618,"at(49378, 'di', 228176)"
619,"at(49378, 'di', 66992)"
620,"at(49378, 'di', 160377)"
621,"at(49378, 'di', 227679)"
622,"at(49378, 'di', 171685)"
623,"at(49378, 'di', 89835)"
624,"at(49378, 'di', 63445)"
625,"at(49378, 'di', 176647)"
626,"at(49378, 'di', 83366)"
627,"at(49378, 'di', 242314)"
628,"at(49378, 'di', 56711)"
629,"at(49378, 'di', 126139)"
630,"at(49378, 'di', 154505)"
631,"at(49378, 'di', 70691)"
632,"at(49378, 'di', 105298)"
633,"at(49378, 'di', 206406)"
634,"at(49378, 'di', 252889)"
635,"at(49378, 'di', 103862)"
636,"at(49378, 'di', 209739)"
637,"at(49378, 'di', 153958)"
638,"at(49378, 'di', 110523)"
639,"at(49378, 'di', 110136)"
640,"at(49378, 'di', 137331)"
641,"at(49378, 'di', 84292)"
642,"at(56711, 'di', 154505)"
643,"at(56711, 'di', 126139)"
644,"at(56711, 'di', 83366)"
645,"at(56711, 'di', 70691)"
646,"at(56711, 'di', 66992)"
647,"at(56711, 'di', 153958)"
648,"at(56711, 'di', 209739)"
649,"at(56711, 'di', 176647)"
650,"at(56711, 'di', 242314)"
651,"at(56711, 'di', 245046)"
652,"at(56711, 'di', 105298)"
653,"at(56711, 'di', 137331)"
654,"at(56711, 'di', 192571)"
655,"at(56711, 'di', 160377)"
656,"at(56711, 'di', 110523)"
657,"at(56711, 'di', 138041)"
658,"at(56711, 'di', 252889)"
659,"at(56711, 'di', 196678)"
660,"at(56711, 'di', 155993)"
661,"at(56711, 'di', 83220)"
662,"at(56711, 'di', 137590)"
663,"at(56711, 'di', 206406)"
664,"at(56711, 'di', 228176)"
665,"at(56711, 'di', 242053)"
666,"at(56711, 'di', 76513)"
667,"at(56711, 'di', 256480)"
668,"at(56711, 'di', 176085)"
669,"at(56711, 'di', 254282)"
670,"at(56711, 'di', 63445)"
671,"at(56711, 'di', 73869)"
672,"at(56711, 'di', 103862)"
673,"at(56711, 'di', 122689)"
674,"at(56711, 'di', 202327)"
675,"at(56711, 'di', 219690)"
676,"at(56711, 'di', 89835)"
677,"at(56711, 'di', 209419)"
678,"at(56711, 'di', 153228)"
679,"at(56711, 'di', 241538)"
680,"at(56711, 'di', 221862)"
681,"at(56711, 'di', 179357)"
682,"at(56711, 'di', 171685)"
683,"at(56711, 'di', 208105)"
684,"at(56711, 'di', 110136)"
685,"at(56711, 'di', 74312)"
686,"at(56711, 'di', 84292)"
687,"at(56711, 'di', 79956)"
688,"at(56711, 'di', 227679)"
689,"at(63445, 'di', 89835)"
690,"at(63445, 'di', 228176)"
691,"at(63445, 'di', 256480)"
692,"at(63445, 'di', 122689)"
693,"at(63445, 'di', 176085)"
694,"at(63445, 'di', 171685)"
695,"at(63445, 'di', 103862)"
696,"at(63445, 'di', 196678)"
697,"at(63445, 'di', 83220)"
698,"at(63445, 'di', 206406)"
699,"at(63445, 'di', 160377)"
700,"at(63445, 'di', 76513)"
701,"at(63445, 'di', 110136)"
702,"at(63445, 'di', 252889)"
703,"at(63445, 'di', 254282)"
704,"at(63445, 'di', 242053)"
705,"at(63445, 'di', 137590)"
706,"at(63445, 'di', 219690)"
707,"at(63445, 'di', 245046)"
708,"at(63445, 'di', 105298)"
709,"at(63445, 'di', 110523)"
710,"at(63445, 'di', 84292)"
711,"at(63445, 'di', 242314)"
712,"at(63445, 'di', 192571)"
713,"at(63445, 'di', 66992)"
714,"at(63445, 'di', 83366)"
715,"at(63445, 'di', 153228)"
716,"at(63445, 'di', 70691)"
717,"at(63445, 'di', 155993)"
718,"at(63445, 'di', 209739)"
719,"at(63445, 'di', 137331)"
720,"at(63445, 'di', 221862)"
721,"at(63445, 'di', 74312)"
722,"at(63445, 'di', 153958)"
723,"at(63445, 'di', 202327)"
724,"at(63445, 'di', 179357)"
725,"at(63445, 'di', 154505)"
726,"at(63445, 'di', 138041)"
727,"at(63445, 'di', 73869)"
728,"at(63445, 'di', 241538)"
729,"at(63445, 'di', 126139)"
730,"at(63445, 'di', 209419)"
731,"at(63445, 'di', 176647)"
732,"at(63445, 'di', 208105)"
733,"at(63445, 'di', 79956)"
734,"at(63445, 'di', 227679)"
735,"at(66992, 'di', 245046)"
736,"at(66992, 'di', 83366)"
737,"at(66992, 'di', 154505)"
738,"at(66992, 'di', 192571)"
739,"at(66992, 'di', 242314)"
740,"at(66992, 'di', 70691)"
741,"at(66992, 'di', 160377)"
742,"at(66992, 'di', 126139)"
743,"at(66992, 'di', 209739)"
744,"at(66992, 'di', 153958)"
745,"at(66992, 'di', 105298)"
746,"at(66992, 'di', 176647)"
747,"at(66992, 'di', 138041)"
748,"at(66992, 'di', 196678)"
749,"at(66992, 'di', 83220)"
750,"at(66992, 'di', 137590)"
751,"at(66992, 'di', 155993)"
752,"at(66992, 'di', 242053)"
753,"at(66992, 'di', 137331)"
754,"at(66992, 'di', 228176)"
755,"at(66992, 'di', 76513)"
756,"at(66992, 'di', 252889)"
757,"at(66992, 'di', 256480)"
758,"at(66992, 'di', 254282)"
759,"at(66992, 'di', 176085)"
760,"at(66992, 'di', 110523)"
761,"at(66992, 'di', 219690)"
762,"at(66992, 'di', 122689)"
763,"at(66992, 'di', 206406)"
764,"at(66992, 'di', 202327)"
765,"at(66992, 'di', 73869)"
766,"at(66992, 'di', 89835)"
767,"at(66992, 'di', 103862)"
768,"at(66992, 'di', 153228)"
769,"at(66992, 'di', 209419)"
770,"at(66992, 'di', 241538)"
771,"at(66992, 'di', 221862)"
772,"at(66992, 'di', 171685)"
773,"at(66992, 'di', 179357)"
774,"at(66992, 'di', 74312)"
775,"at(66992, 'di', 110136)"
776,"at(66992, 'di', 208105)"
777,"at(66992, 'di', 79956)"
778,"at(66992, 'di', 84292)"
779,"at(66992, 'di', 227679)"
780,"at(70691, 'di', 209739)"
781,"at(70691, 'di', 83366)"
782,"at(70691, 'di', 242314)"
783,"at(70691, 'di', 153958)"
784,"at(70691, 'di', 154505)"
785,"at(70691, 'di', 105298)"
786,"at(70691, 'di', 137331)"
787,"at(70691, 'di', 126139)"
788,"at(70691, 'di', 160377)"
789,"at(70691, 'di', 110523)"
790,"at(70691, 'di', 252889)"
791,"at(70691, 'di', 245046)"
792,"at(70691, 'di', 192571)"
793,"at(70691, 'di', 206406)"
794,"at(70691, 'di', 176647)"
795,"at(70691, 'di', 103862)"
796,"at(70691, 'di', 228176)"
797,"at(70691, 'di', 196678)"
798,"at(70691, 'di', 83220)"
799,"at(70691, 'di', 256480)"
800,"at(70691, 'di', 176085)"
801,"at(70691, 'di', 89835)"
802,"at(70691, 'di', 137590)"
803,"at(70691, 'di', 242053)"
804,"at(70691, 'di', 76513)"
805,"at(70691, 'di', 122689)"
806,"at(70691, 'di', 254282)"
807,"at(70691, 'di', 138041)"
808,"at(70691, 'di', 155993)"
809,"at(70691, 'di', 219690)"
810,"at(70691, 'di', 110136)"
811,"at(70691, 'di', 171685)"
812,"at(70691, 'di', 202327)"
813,"at(70691, 'di', 73869)"
814,"at(70691, 'di', 153228)"
815,"at(70691, 'di', 221862)"
816,"at(70691, 'di', 84292)"
817,"at(70691, 'di', 241538)"
818,"at(70691, 'di', 209419)"
819,"at(70691, 'di', 179357)"
820,"at(70691, 'di', 74312)"
821,"at(70691, 'di', 208105)"
822,"at(70691, 'di', 79956)"
823,"at(70691, 'di', 227679)"
824,"at(73869, 'di', 202327)"
825,"at(73869, 'di', 241538)"
826,"at(73869, 'di', 209419)"
827,"at(73869, 'di', 155993)"
828,"at(73869, 'di', 138041)"
829,"at(73869, 'di', 179357)"
830,"at(73869, 'di', 221862)"
831,"at(73869, 'di', 153228)"
832,"at(73869, 'di', 74312)"
833,"at(73869, 'di', 208105)"
834,"at(73869, 'di', 219690)"
835,"at(73869, 'di', 137590)"
836,"at(73869, 'di', 192571)"
837,"at(73869, 'di', 79956)"
838,"at(73869, 'di', 242053)"
839,"at(73869, 'di', 254282)"
840,"at(73869, 'di', 76513)"
841,"at(73869, 'di', 227679)"
842,"at(73869, 'di', 245046)"
843,"at(73869, 'di', 83220)"
844,"at(73869, 'di', 196678)"
845,"at(73869, 'di', 176085)"
846,"at(73869, 'di', 256480)"
847,"at(73869, 'di', 122689)"
848,"at(73869, 'di', 228176)"
849,"at(73869, 'di', 160377)"
850,"at(73869, 'di', 176647)"
851,"at(73869, 'di', 171685)"
852,"at(73869, 'di', 89835)"
853,"at(73869, 'di', 83366)"
854,"at(73869, 'di', 126139)"
855,"at(73869, 'di', 154505)"
856,"at(73869, 'di', 242314)"
857,"at(73869, 'di', 105298)"
858,"at(73869, 'di', 209739)"
859,"at(73869, 'di', 252889)"
860,"at(73869, 'di', 153958)"
861,"at(73869, 'di', 206406)"
862,"at(73869, 'di', 103862)"
863,"at(73869, 'di', 110523)"
864,"at(73869, 'di', 137331)"
865,"at(73869, 'di', 110136)"
866,"at(73869, 'di', 84292)"
867,"at(74312, 'di', 221862)"
868,"at(74312, 'di', 179357)"
869,"at(74312, 'di', 153228)"
870,"at(74312, 'di', 241538)"
871,"at(74312, 'di', 202327)"
872,"at(74312, 'di', 219690)"
873,"at(74312, 'di', 155993)"
874,"at(74312, 'di', 209419)"
875,"at(74312, 'di', 137590)"
876,"at(74312, 'di', 254282)"
877,"at(74312, 'di', 242053)"
878,"at(74312, 'di', 76513)"
879,"at(74312, 'di', 227679)"
880,"at(74312, 'di', 79956)"
881,"at(74312, 'di', 176085)"
882,"at(74312, 'di', 138041)"
883,"at(74312, 'di', 83220)"
884,"at(74312, 'di', 196678)"
885,"at(74312, 'di', 122689)"
886,"at(74312, 'di', 256480)"
887,"at(74312, 'di', 192571)"
888,"at(74312, 'di', 171685)"
889,"at(74312, 'di', 208105)"
890,"at(74312, 'di', 228176)"
891,"at(74312, 'di', 245046)"
892,"at(74312, 'di', 89835)"
893,"at(74312, 'di', 160377)"
894,"at(74312, 'di', 103862)"
895,"at(74312, 'di', 83366)"
896,"at(74312, 'di', 206406)"
897,"at(74312, 'di', 176647)"
898,"at(74312, 'di', 242314)"
899,"at(74312, 'di', 252889)"
900,"at(74312, 'di', 110136)"
901,"at(74312, 'di', 105298)"
902,"at(74312, 'di', 154505)"
903,"at(74312, 'di', 126139)"
904,"at(74312, 'di', 209739)"
905,"at(74312, 'di', 110523)"
906,"at(74312, 'di', 84292)"
907,"at(74312, 'di', 153958)"
908,"at(74312, 'di', 137331)"
909,"at(76513, 'ov', 254282)"
910,"at(76513, 'di', 242053)"
911,"at(76513, 'di', 83220)"
912,"at(76513, 'di', 196678)"
913,"at(76513, 'di', 137590)"
914,"at(76513, 'di', 176085)"
915,"at(76513, 'di', 219690)"
916,"at(76513, 'di', 256480)"
917,"at(76513, 'di', 122689)"
918,"at(76513, 'di', 228176)"
919,"at(76513, 'di', 153228)"
920,"at(76513, 'di', 89835)"
921,"at(76513, 'di', 171685)"
922,"at(76513, 'di', 155993)"
923,"at(76513, 'di', 192571)"
924,"at(76513, 'di', 160377)"
925,"at(76513, 'di', 245046)"
926,"at(76513, 'di', 221862)"
927,"at(76513, 'di', 202327)"
928,"at(76513, 'di', 179357)"
929,"at(76513, 'di', 138041)"
930,"at(76513, 'di', 241538)"
931,"at(76513, 'di', 209419)"
932,"at(76513, 'di', 103862)"
933,"at(76513, 'di', 206406)"
934,"at(76513, 'di', 252889)"
935,"at(76513, 'di', 242314)"
936,"at(76513, 'di', 83366)"
937,"at(76513, 'di', 105298)"
938,"at(76513, 'di', 110136)"
939,"at(76513, 'di', 110523)"
940,"at(76513, 'di', 154505)"
941,"at(76513, 'di', 209739)"
942,"at(76513, 'di', 84292)"
943,"at(76513, 'di', 208105)"
944,"at(76513, 'di', 79956)"
945,"at(76513, 'di', 153958)"
946,"at(76513, 'di', 126139)"
947,"at(76513, 'di', 176647)"
948,"at(76513, 'di', 137331)"
949,"at(76513, 'di', 227679)"
950,"at(79956, 'di', 227679)"
951,"at(79956, 'di', 208105)"
952,"at(79956, 'di', 209419)"
953,"at(79956, 'di', 241538)"
954,"at(79956, 'di', 179357)"
955,"at(79956, 'di', 202327)"
956,"at(79956, 'di', 221862)"
957,"at(79956, 'di', 153228)"
958,"at(79956, 'di', 155993)"
959,"at(79956, 'di', 138041)"
960,"at(79956, 'di', 219690)"
961,"at(79956, 'di', 137590)"
962,"at(79956, 'di', 242053)"
963,"at(79956, 'di', 254282)"
964,"at(79956, 'di', 192571)"
965,"at(79956, 'di', 83220)"
966,"at(79956, 'di', 196678)"
967,"at(79956, 'di', 176085)"
968,"at(79956, 'di', 245046)"
969,"at(79956, 'di', 256480)"
970,"at(79956, 'di', 122689)"
971,"at(79956, 'di', 176647)"
972,"at(79956, 'di', 228176)"
973,"at(79956, 'di', 171685)"
974,"at(79956, 'di', 160377)"
975,"at(79956, 'di', 89835)"
976,"at(79956, 'di', 126139)"
977,"at(79956, 'di', 83366)"
978,"at(79956, 'di', 154505)"
979,"at(79956, 'di', 242314)"
980,"at(79956, 'di', 105298)"
981,"at(79956, 'di', 209739)"
982,"at(79956, 'di', 103862)"
983,"at(79956, 'di', 206406)"
984,"at(79956, 'di', 252889)"
985,"at(79956, 'di', 153958)"
986,"at(79956, 'di', 110523)"
987,"at(79956, 'ov', 110136)"
988,"at(79956, 'di', 137331)"
989,"at(79956, 'di', 84292)"
990,"at(83220, 'di', 196678)"
991,"at(83220, 'di', 176085)"
992,"at(83220, 'di', 256480)"
993,"at(83220, 'di', 242053)"
994,"at(83220, 'di', 122689)"
995,"at(83220, 'di', 254282)"
996,"at(83220, 'di', 228176)"
997,"at(83220, 'di', 137590)"
998,"at(83220, 'di', 219690)"
999,"at(83220, 'di', 89835)"
1000,"at(83220, 'di', 160377)"
1001,"at(83220, 'di', 171685)"
1002,"at(83220, 'di', 245046)"
1003,"at(83220, 'di', 192571)"
1004,"at(83220, 'di', 155993)"
1005,"at(83220, 'di', 153228)"
1006,"at(83220, 'di', 221862)"
1007,"at(83220, 'di', 202327)"
1008,"at(83220, 'di', 103862)"
1009,"at(83220, 'di', 179357)"
1010,"at(83220, 'di', 206406)"
1011,"at(83220, 'di', 138041)"
1012,"at(83220, 'di', 252889)"
1013,"at(83220, 'di', 105298)"
1014,"at(83220, 'di', 242314)"
1015,"at(83220, 'di', 241538)"
1016,"at(83220, 'di', 83366)"
1017,"at(83220, 'di', 110136)"
1018,"at(83220, 'di', 209419)"
1019,"at(83220, 'di', 110523)"
1020,"at(83220, 'di', 209739)"
1021,"at(83220, 'di', 154505)"
1022,"at(83220, 'di', 153958)"
1023,"at(83220, 'di', 84292)"
1024,"at(83220, 'di', 137331)"
1025,"at(83220, 'di', 126139)"
1026,"at(83220, 'di', 176647)"
1027,"at(83220, 'di', 208105)"
1028,"at(83220, 'di', 227679)"
1029,"at(83366, 'di', 242314)"
1030,"at(83366, 'di', 154505)"
1031,"at(83366, 'di', 209739)"
1032,"at(83366, 'di', 153958)"
1033,"at(83366, 'di', 105298)"
1034,"at(83366, 'di', 245046)"
1035,"at(83366, 'di', 160377)"
1036,"at(83366, 'di', 126139)"
1037,"at(83366, 'di', 137331)"
1038,"at(83366, 'di', 110523)"
1039,"at(83366, 'di', 252889)"
1040,"at(83366, 'di', 192571)"
1041,"at(83366, 'di', 176647)"
1042,"at(83366, 'di', 206406)"
1043,"at(83366, 'di', 196678)"
1044,"at(83366, 'di', 228176)"
1045,"at(83366, 'di', 103862)"
1046,"at(83366, 'di', 256480)"
1047,"at(83366, 'di', 137590)"
1048,"at(83366, 'di', 176085)"
1049,"at(83366, 'di', 242053)"
1050,"at(83366, 'di', 138041)"
1051,"at(83366, 'di', 122689)"
1052,"at(83366, 'di', 89835)"
1053,"at(83366, 'di', 254282)"
1054,"at(83366, 'di', 155993)"
1055,"at(83366, 'di', 219690)"
1056,"at(83366, 'di', 202327)"
1057,"at(83366, 'di', 171685)"
1058,"at(83366, 'di', 110136)"
1059,"at(83366, 'di', 153228)"
1060,"at(83366, 'di', 221862)"
1061,"at(83366, 'di', 241538)"
1062,"at(83366, 'di', 209419)"
1063,"at(83366, 'di', 179357)"
1064,"at(83366, 'di', 84292)"
1065,"at(83366, 'di', 208105)"
1066,"at(83366, 'di', 227679)"
1067,"at(84292, 'di', 110136)"
1068,"at(84292, 'di', 103862)"
1069,"at(84292, 'di', 206406)"
1070,"at(84292, 'di', 89835)"
1071,"at(84292, 'di', 171685)"
1072,"at(84292, 'di', 252889)"
1073,"at(84292, 'di', 228176)"
1074,"at(84292, 'di', 110523)"
1075,"at(84292, 'di', 122689)"
1076,"at(84292, 'di', 256480)"
1077,"at(84292, 'di', 176085)"
1078,"at(84292, 'di', 160377)"
1079,"at(84292, 'di', 196678)"
1080,"at(84292, 'di', 105298)"
1081,"at(84292, 'di', 254282)"
1082,"at(84292, 'di', 242053)"
1083,"at(84292, 'di', 242314)"
1084,"at(84292, 'di', 137590)"
1085,"at(84292, 'di', 137331)"
1086,"at(84292, 'di', 219690)"
1087,"at(84292, 'di', 245046)"
1088,"at(84292, 'di', 209739)"
1089,"at(84292, 'di', 192571)"
1090,"at(84292, 'di', 153958)"
1091,"at(84292, 'di', 153228)"
1092,"at(84292, 'di', 221862)"
1093,"at(84292, 'di', 155993)"
1094,"at(84292, 'di', 154505)"
1095,"at(84292, 'di', 179357)"
1096,"at(84292, 'di', 202327)"
1097,"at(84292, 'di', 138041)"
1098,"at(84292, 'di', 241538)"
1099,"at(84292, 'di', 126139)"
1100,"at(84292, 'di', 209419)"
1101,"at(84292, 'di', 176647)"
1102,"at(84292, 'di', 227679)"
1103,"at(84292, 'di', 208105)"
1104,"at(89835, 'di', 228176)"
1105,"at(89835, 'di', 171685)"
1106,"at(89835, 'di', 122689)"
1107,"at(89835, 'di', 256480)"
1108,"at(89835, 'di', 176085)"
1109,"at(89835, 'di', 196678)"
1110,"at(89835, 'di', 103862)"
1111,"at(89835, 'di', 254282)"
1112,"at(89835, 'di', 160377)"
1113,"at(89835, 'di', 242053)"
1114,"at(89835, 'di', 206406)"
1115,"at(89835, 'di', 110136)"
1116,"at(89835, 'di', 137590)"
1117,"at(89835, 'di', 219690)"
1118,"at(89835, 'di', 252889)"
1119,"at(89835, 'di', 245046)"
1120,"at(89835, 'di', 105298)"
1121,"at(89835, 'di', 110523)"
1122,"at(89835, 'di', 192571)"
1123,"at(89835, 'di', 153228)"
1124,"at(89835, 'di', 242314)"
1125,"at(89835, 'di', 155993)"
1126,"at(89835, 'di', 221862)"
1127,"at(89835, 'di', 179357)"
1128,"at(89835, 'di', 209739)"
1129,"at(89835, 'di', 202327)"
1130,"at(89835, 'di', 137331)"
1131,"at(89835, 'di', 138041)"
1132,"at(89835, 'di', 241538)"
1133,"at(89835, 'di', 153958)"
1134,"at(89835, 'di', 154505)"
1135,"at(89835, 'di', 209419)"
1136,"at(89835, 'di', 126139)"
1137,"at(89835, 'di', 176647)"
1138,"at(89835, 'di', 208105)"
1139,"at(89835, 'di', 227679)"
1140,"at(103862, 'di', 206406)"
1141,"at(103862, 'di', 252889)"
1142,"at(103862, 'di', 110136)"
1143,"at(103862, 'di', 110523)"
1144,"at(103862, 'di', 228176)"
1145,"at(103862, 'di', 160377)"
1146,"at(103862, 'di', 105298)"
1147,"at(103862, 'di', 256480)"
1148,"at(103862, 'di', 122689)"
1149,"at(103862, 'di', 171685)"
1150,"at(103862, 'di', 176085)"
1151,"at(103862, 'di', 196678)"
1152,"at(103862, 'di', 242314)"
1153,"at(103862, 'di', 137331)"
1154,"at(103862, 'di', 209739)"
1155,"at(103862, 'di', 254282)"
1156,"at(103862, 'di', 245046)"
1157,"at(103862, 'di', 242053)"
1158,"at(103862, 'di', 137590)"
1159,"at(103862, 'di', 153958)"
1160,"at(103862, 'di', 219690)"
1161,"at(103862, 'di', 192571)"
1162,"at(103862, 'di', 154505)"
1163,"at(103862, 'di', 155993)"
1164,"at(103862, 'di', 153228)"
1165,"at(103862, 'di', 126139)"
1166,"at(103862, 'di', 221862)"
1167,"at(103862, 'di', 138041)"
1168,"at(103862, 'di', 202327)"
1169,"at(103862, 'di', 179357)"
1170,"at(103862, 'di', 176647)"
1171,"at(103862, 'di', 241538)"
1172,"at(103862, 'di', 209419)"
1173,"at(103862, 'di', 208105)"
1174,"at(103862, 'di', 227679)"
1175,"at(105298, 'di', 242314)"
1176,"at(105298, 'di', 110523)"
1177,"at(105298, 'di', 209739)"
1178,"at(105298, 'di', 252889)"
1179,"at(105298, 'di', 137331)"
1180,"at(105298, 'di', 153958)"
1181,"at(105298, 'di', 160377)"
1182,"at(105298, 'di', 206406)"
1183,"at(105298, 'di', 154505)"
1184,"at(105298, 'di', 245046)"
1185,"at(105298, 'di', 228176)"
1186,"at(105298, 'di', 126139)"
1187,"at(105298, 'di', 196678)"
1188,"at(105298, 'di', 192571)"
1189,"at(105298, 'di', 256480)"
1190,"at(105298, 'di', 176085)"
1191,"at(105298, 'di', 122689)"
1192,"at(105298, 'di', 110136)"
1193,"at(105298, 'di', 242053)"
1194,"at(105298, 'di', 137590)"
1195,"at(105298, 'di', 254282)"
1196,"at(105298, 'di', 171685)"
1197,"at(105298, 'di', 176647)"
1198,"at(105298, 'di', 219690)"
1199,"at(105298, 'di', 155993)"
1200,"at(105298, 'di', 138041)"
1201,"at(105298, 'di', 153228)"
1202,"at(105298, 'di', 202327)"
1203,"at(105298, 'di', 221862)"
1204,"at(105298, 'di', 179357)"
1205,"at(105298, 'di', 241538)"
1206,"at(105298, 'di', 209419)"
1207,"at(105298, 'di', 208105)"
1208,"at(105298, 'di', 227679)"
1209,"at(110136, 'di', 206406)"
1210,"at(110136, 'di', 252889)"
1211,"at(110136, 'di', 171685)"
1212,"at(110136, 'di', 228176)"
1213,"at(110136, 'di', 110523)"
1214,"at(110136, 'di', 122689)"
1215,"at(110136, 'di', 256480)"
1216,"at(110136, 'di', 176085)"
1217,"at(110136, 'di', 160377)"
1218,"at(110136, 'di', 196678)"
1219,"at(110136, 'di', 254282)"
1220,"at(110136, 'di', 242053)"
1221,"at(110136, 'di', 242314)"
1222,"at(110136, 'di', 137590)"
1223,"at(110136, 'di', 137331)"
1224,"at(110136, 'di', 219690)"
1225,"at(110136, 'di', 245046)"
1226,"at(110136, 'di', 209739)"
1227,"at(110136, 'di', 192571)"
1228,"at(110136, 'di', 153958)"
1229,"at(110136, 'di', 153228)"
1230,"at(110136, 'di', 154505)"
1231,"at(110136, 'di', 155993)"
1232,"at(110136, 'di', 221862)"
1233,"at(110136, 'di', 179357)"
1234,"at(110136, 'di', 202327)"
1235,"at(110136, 'di', 138041)"
1236,"at(110136, 'di', 126139)"
1237,"at(110136, 'di', 241538)"
1238,"at(110136, 'di', 209419)"
1239,"at(110136, 'di', 176647)"
1240,"at(110136, 'di', 208105)"
1241,"at(110136, 'di', 227679)"
1242,"at(110523, 'di', 252889)"
1243,"at(110523, 'di', 206406)"
1244,"at(110523, 'di', 137331)"
1245,"at(110523, 'di', 242314)"
1246,"at(110523, 'di', 209739)"
1247,"at(110523, 'di', 160377)"
1248,"at(110523, 'di', 153958)"
1249,"at(110523, 'di', 228176)"
1250,"at(110523, 'di', 154505)"
1251,"at(110523, 'di', 245046)"
1252,"at(110523, 'di', 256480)"
1253,"at(110523, 'di', 196678)"
1254,"at(110523, 'di', 122689)"
1255,"at(110523, 'di', 176085)"
1256,"at(110523, 'di', 192571)"
1257,"at(110523, 'di', 171685)"
1258,"at(110523, 'di', 126139)"
1259,"at(110523, 'di', 242053)"
1260,"at(110523, 'di', 254282)"
1261,"at(110523, 'di', 137590)"
1262,"at(110523, 'di', 219690)"
1263,"at(110523, 'di', 176647)"
1264,"at(110523, 'di', 155993)"
1265,"at(110523, 'di', 138041)"
1266,"at(110523, 'di', 153228)"
1267,"at(110523, 'di', 202327)"
1268,"at(110523, 'di', 221862)"
1269,"at(110523, 'di', 179357)"
1270,"at(110523, 'di', 241538)"
1271,"at(110523, 'di', 209419)"
1272,"at(110523, 'di', 208105)"
1273,"at(110523, 'di', 227679)"
1274,"at(122689, 'di', 256480)"
1275,"at(122689, 'di', 176085)"
1276,"at(122689, 'di', 228176)"
1277,"at(122689, 'di', 196678)"
1278,"at(122689, 'di', 254282)"
1279,"at(122689, 'di', 242053)"
1280,"at(122689, 'di', 171685)"
1281,"at(122689, 'di', 137590)"
1282,"at(122689, 'di', 219690)"
1283,"at(122689, 'di', 160377)"
1284,"at(122689, 'di', 245046)"
1285,"at(122689, 'di', 153228)"
1286,"at(122689, 'di', 192571)"
1287,"at(122689, 'di', 155993)"
1288,"at(122689, 'di', 206406)"
1289,"at(122689, 'di', 221862)"
1290,"at(122689, 'di', 179357)"
1291,"at(122689, 'di', 252889)"
1292,"at(122689, 'di', 202327)"
1293,"at(122689, 'di', 138041)"
1294,"at(122689, 'di', 242314)"
1295,"at(122689, 'di', 241538)"
1296,"at(122689, 'di', 209419)"
1297,"at(122689, 'di', 209739)"
1298,"at(122689, 'di', 154505)"
1299,"at(122689, 'di', 137331)"
1300,"at(122689, 'di', 153958)"
1301,"at(122689, 'di', 126139)"
1302,"at(122689, 'di', 176647)"
1303,"at(122689, 'di', 208105)"
1304,"at(122689, 'di', 227679)"
1305,"at(126139, 'di', 154505)"
1306,"at(126139, 'di', 176647)"
1307,"at(126139, 'di', 153958)"
1308,"at(126139, 'di', 209739)"
1309,"at(126139, 'di', 242314)"
1310,"at(126139, 'di', 245046)"
1311,"at(126139, 'di', 192571)"
1312,"at(126139, 'di', 137331)"
1313,"at(126139, 'di', 160377)"
1314,"at(126139, 'di', 138041)"
1315,"at(126139, 'di', 155993)"
1316,"at(126139, 'di', 252889)"
1317,"at(126139, 'di', 196678)"
1318,"at(126139, 'di', 137590)"
1319,"at(126139, 'di', 242053)"
1320,"at(126139, 'di', 228176)"
1321,"at(126139, 'di', 202327)"
1322,"at(126139, 'di', 256480)"
1323,"at(126139, 'di', 254282)"
1324,"at(126139, 'di', 206406)"
1325,"at(126139, 'di', 176085)"
1326,"at(126139, 'di', 219690)"
1327,"at(126139, 'di', 209419)"
1328,"at(126139, 'di', 241538)"
1329,"at(126139, 'di', 153228)"
1330,"at(126139, 'di', 208105)"
1331,"at(126139, 'di', 221862)"
1332,"at(126139, 'di', 179357)"
1333,"at(126139, 'di', 171685)"
1334,"at(126139, 'di', 227679)"
1335,"at(137331, 'di', 209739)"
1336,"at(137331, 'di', 153958)"
1337,"at(137331, 'di', 242314)"
1338,"at(137331, 'di', 252889)"
1339,"at(137331, 'di', 154505)"
1340,"at(137331, 'di', 206406)"
1341,"at(137331, 'di', 160377)"
1342,"at(137331, 'di', 245046)"
1343,"at(137331, 'di', 228176)"
1344,"at(137331, 'di', 192571)"
1345,"at(137331, 'di', 196678)"
1346,"at(137331, 'di', 256480)"
1347,"at(137331, 'di', 176647)"
1348,"at(137331, 'di', 176085)"
1349,"at(137331, 'di', 242053)"
1350,"at(137331, 'di', 137590)"
1351,"at(137331, 'di', 254282)"
1352,"at(137331, 'di', 171685)"
1353,"at(137331, 'di', 219690)"
1354,"at(137331, 'di', 138041)"
1355,"at(137331, 'di', 155993)"
1356,"at(137331, 'di', 202327)"
1357,"at(137331, 'di', 153228)"
1358,"at(137331, 'di', 221862)"
1359,"at(137331, 'di', 241538)"
1360,"at(137331, 'di', 179357)"
1361,"at(137331, 'di', 209419)"
1362,"at(137331, 'di', 208105)"
1363,"at(137331, 'di', 227679)"
1364,"at(137590, 'di', 242053)"
1365,"at(137590, 'di', 254282)"
1366,"at(137590, 'di', 219690)"
1367,"at(137590, 'di', 196678)"
1368,"at(137590, 'di', 176085)"
1369,"at(137590, 'di', 256480)"
1370,"at(137590, 'di', 155993)"
1371,"at(137590, 'di', 153228)"
1372,"at(137590, 'di', 192571)"
1373,"at(137590, 'di', 228176)"
1374,"at(137590, 'di', 221862)"
1375,"at(137590, 'di', 245046)"
1376,"at(137590, 'di', 202327)"
1377,"at(137590, 'di', 179357)"
1378,"at(137590, 'di', 160377)"
1379,"at(137590, 'di', 138041)"
1380,"at(137590, 'di', 171685)"
1381,"at(137590, 'di', 241538)"
1382,"at(137590, 'di', 209419)"
1383,"at(137590, 'di', 242314)"
1384,"at(137590, 'di', 206406)"
1385,"at(137590, 'di', 252889)"
1386,"at(137590, 'di', 154505)"
1387,"at(137590, 'di', 208105)"
1388,"at(137590, 'di', 209739)"
1389,"at(137590, 'di', 176647)"
1390,"at(137590, 'di', 227679)"
1391,"at(137590, 'di', 153958)"
1392,"at(138041, 'di', 155993)"
1393,"at(138041, 'di', 202327)"
1394,"at(138041, 'di', 192571)"
1395,"at(138041, 'di', 209419)"
1396,"at(138041, 'di', 241538)"
1397,"at(138041, 'di', 245046)"
1398,"at(138041, 'di', 153228)"
1399,"at(138041, 'di', 221862)"
1400,"at(138041, 'di', 179357)"
1401,"at(138041, 'di', 219690)"
1402,"at(138041, 'di', 208105)"
1403,"at(138041, 'di', 242053)"
1404,"at(138041, 'di', 254282)"
1405,"at(138041, 'di', 196678)"
1406,"at(138041, 'di', 176647)"
1407,"at(138041, 'di', 176085)"
1408,"at(138041, 'di', 160377)"
1409,"at(138041, 'di', 256480)"
1410,"at(138041, 'di', 228176)"
1411,"at(138041, 'di', 154505)"
1412,"at(138041, 'di', 227679)"
1413,"at(138041, 'di', 242314)"
1414,"at(138041, 'di', 171685)"
1415,"at(138041, 'di', 209739)"
1416,"at(138041, 'di', 153958)"
1417,"at(138041, 'di', 252889)"
1418,"at(138041, 'di', 206406)"
1419,"at(153228, 'di', 221862)"
1420,"at(153228, 'di', 179357)"
1421,"at(153228, 'di', 219690)"
1422,"at(153228, 'di', 202327)"
1423,"at(153228, 'di', 241538)"
1424,"at(153228, 'di', 155993)"
1425,"at(153228, 'di', 254282)"
1426,"at(153228, 'di', 242053)"
1427,"at(153228, 'di', 209419)"
1428,"at(153228, 'di', 196678)"
1429,"at(153228, 'di', 176085)"
1430,"at(153228, 'di', 256480)"
1431,"at(153228, 'di', 192571)"
1432,"at(153228, 'di', 228176)"
1433,"at(153228, 'di', 245046)"
1434,"at(153228, 'di', 171685)"
1435,"at(153228, 'di', 227679)"
1436,"at(153228, 'di', 208105)"
1437,"at(153228, 'di', 160377)"
1438,"at(153228, 'di', 242314)"
1439,"at(153228, 'di', 176647)"
1440,"at(153228, 'di', 206406)"
1441,"at(153228, 'di', 252889)"
1442,"at(153228, 'di', 154505)"
1443,"at(153228, 'di', 209739)"
1444,"at(153228, 'di', 153958)"
1445,"at(153958, 'di', 209739)"
1446,"at(153958, 'di', 154505)"
1447,"at(153958, 'di', 242314)"
1448,"at(153958, 'di', 252889)"
1449,"at(153958, 'di', 160377)"
1450,"at(153958, 'di', 245046)"
1451,"at(153958, 'di', 176647)"
1452,"at(153958, 'di', 206406)"
1453,"at(153958, 'di', 192571)"
1454,"at(153958, 'di', 228176)"
1455,"at(153958, 'di', 196678)"
1456,"at(153958, 'di', 256480)"
1457,"at(153958, 'di', 176085)"
1458,"at(153958, 'di', 242053)"
1459,"at(153958, 'di', 254282)"
1460,"at(153958, 'di', 155993)"
1461,"at(153958, 'di', 219690)"
1462,"at(153958, 'di', 171685)"
1463,"at(153958, 'di', 202327)"
1464,"at(153958, 'di', 209419)"
1465,"at(153958, 'di', 221862)"
1466,"at(153958, 'di', 241538)"
1467,"at(153958, 'di', 179357)"
1468,"at(153958, 'di', 208105)"
1469,"at(153958, 'di', 227679)"
1470,"at(154505, 'di', 209739)"
1471,"at(154505, 'di', 242314)"
1472,"at(154505, 'di', 176647)"
1473,"at(154505, 'di', 245046)"
1474,"at(154505, 'di', 160377)"
1475,"at(154505, 'di', 192571)"
1476,"at(154505, 'di', 252889)"
1477,"at(154505, 'di', 206406)"
1478,"at(154505, 'di', 196678)"
1479,"at(154505, 'di', 228176)"
1480,"at(154505, 'di', 155993)"
1481,"at(154505, 'di', 242053)"
1482,"at(154505, 'di', 256480)"
1483,"at(154505, 'di', 176085)"
1484,"at(154505, 'di', 254282)"
1485,"at(154505, 'di', 219690)"
1486,"at(154505, 'di', 202327)"
1487,"at(154505, 'di', 209419)"
1488,"at(154505, 'di', 241538)"
1489,"at(154505, 'di', 171685)"
1490,"at(154505, 'di', 221862)"
1491,"at(154505, 'di', 179357)"
1492,"at(154505, 'di', 208105)"
1493,"at(154505, 'di', 227679)"
1494,"at(155993, 'di', 202327)"
1495,"at(155993, 'di', 241538)"
1496,"at(155993, 'di', 192571)"
1497,"at(155993, 'di', 221862)"
1498,"at(155993, 'di', 209419)"
1499,"at(155993, 'di', 219690)"
1500,"at(155993, 'di', 179357)"
1501,"at(155993, 'di', 242053)"
1502,"at(155993, 'di', 254282)"
1503,"at(155993, 'di', 245046)"
1504,"at(155993, 'di', 196678)"
1505,"at(155993, 'di', 176085)"
1506,"at(155993, 'di', 256480)"
1507,"at(155993, 'di', 208105)"
1508,"at(155993, 'di', 228176)"
1509,"at(155993, 'di', 160377)"
1510,"at(155993, 'di', 227679)"
1511,"at(155993, 'di', 171685)"
1512,"at(155993, 'di', 176647)"
1513,"at(155993, 'di', 242314)"
1514,"at(155993, 'di', 209739)"
1515,"at(155993, 'di', 252889)"
1516,"at(155993, 'di', 206406)"
1517,"at(160377, 'di', 245046)"
1518,"at(160377, 'di', 228176)"
1519,"at(160377, 'di', 196678)"
1520,"at(160377, 'di', 242314)"
1521,"at(160377, 'di', 256480)"
1522,"at(160377, 'di', 176085)"
1523,"at(160377, 'di', 252889)"
1524,"at(160377, 'di', 192571)"
1525,"at(160377, 'di', 206406)"
1526,"at(160377, 'di', 242053)"
1527,"at(160377, 'di', 254282)"
1528,"at(160377, 'di', 209739)"
1529,"at(160377, 'di', 219690)"
1530,"at(160377, 'di', 171685)"
1531,"at(160377, 'di', 202327)"
1532,"at(160377, 'di', 221862)"
1533,"at(160377, 'di', 176647)"
1534,"at(160377, 'di', 179357)"
1535,"at(160377, 'di', 241538)"
1536,"at(160377, 'di', 209419)"
1537,"at(160377, 'di', 208105)"
1538,"at(160377, 'di', 227679)"
1539,"at(171685, 'di', 256480)"
1540,"at(171685, 'di', 176085)"
1541,"at(171685, 'di', 228176)"
1542,"at(171685, 'di', 196678)"
1543,"at(171685, 'di', 254282)"
1544,"at(171685, 'di', 242053)"
1545,"at(171685, 'di', 219690)"
1546,"at(171685, 'di', 206406)"
1547,"at(171685, 'di', 221862)"
1548,"at(171685, 'di', 252889)"
1549,"at(171685, 'di', 245046)"
1550,"at(171685, 'di', 192571)"
1551,"at(171685, 'di', 179357)"
1552,"at(171685, 'di', 202327)"
1553,"at(171685, 'di', 242314)"
1554,"at(171685, 'di', 241538)"
1555,"at(171685, 'di', 209419)"
1556,"at(171685, 'di', 209739)"
1557,"at(171685, 'di', 227679)"
1558,"at(171685, 'di', 208105)"
1559,"at(171685, 'di', 176647)"
1560,"at(176085, 'di', 256480)"
1561,"at(176085, 'di', 196678)"
1562,"at(176085, 'di', 228176)"
1563,"at(176085, 'di', 254282)"
1564,"at(176085, 'di', 242053)"
1565,"at(176085, 'di', 219690)"
1566,"at(176085, 'di', 245046)"
1567,"at(176085, 'di', 192571)"
1568,"at(176085, 'di', 221862)"
1569,"at(176085, 'di', 206406)"
1570,"at(176085, 'di', 179357)"
1571,"at(176085, 'di', 202327)"
1572,"at(176085, 'di', 252889)"
1573,"at(176085, 'di', 241538)"
1574,"at(176085, 'di', 242314)"
1575,"at(176085, 'di', 209419)"
1576,"at(176085, 'di', 209739)"
1577,"at(176085, 'di', 176647)"
1578,"at(176085, 'di', 208105)"
1579,"at(176085, 'di', 227679)"
1580,"at(176647, 'di', 192571)"
1581,"at(176647, 'di', 245046)"
1582,"at(176647, 'di', 242314)"
1583,"at(176647, 'di', 209739)"
1584,"at(176647, 'di', 202327)"
1585,"at(176647, 'di', 209419)"
1586,"at(176647, 'di', 208105)"
1587,"at(176647, 'di', 241538)"
1588,"at(176647, 'di', 242053)"
1589,"at(176647, 'di', 196678)"
1590,"at(176647, 'di', 219690)"
1591,"at(176647, 'di', 254282)"
1592,"at(176647, 'di', 256480)"
1593,"at(176647, 'di', 228176)"
1594,"at(176647, 'di', 221862)"
1595,"at(176647, 'di', 179357)"
1596,"at(176647, 'di', 252889)"
1597,"at(176647, 'di', 206406)"
1598,"at(176647, 'di', 227679)"
1599,"at(179357, 'di', 221862)"
1600,"at(179357, 'di', 241538)"
1601,"at(179357, 'di', 202327)"
1602,"at(179357, 'di', 209419)"
1603,"at(179357, 'di', 219690)"
1604,"at(179357, 'di', 254282)"
1605,"at(179357, 'di', 242053)"
1606,"at(179357, 'di', 227679)"
1607,"at(179357, 'di', 196678)"
1608,"at(179357, 'di', 208105)"
1609,"at(179357, 'di', 192571)"
1610,"at(179357, 'di', 256480)"
1611,"at(179357, 'di', 245046)"
1612,"at(179357, 'di', 228176)"
1613,"at(179357, 'di', 242314)"
1614,"at(179357, 'di', 206406)"
1615,"at(179357, 'di', 252889)"
1616,"at(179357, 'di', 209739)"
1617,"at(192571, 'di', 245046)"
1618,"at(192571, 'di', 242053)"
1619,"at(192571, 'di', 196678)"
1620,"at(192571, 'di', 254282)"
1621,"at(192571, 'di', 219690)"
1622,"at(192571, 'di', 202327)"
1623,"at(192571, 'di', 256480)"
1624,"at(192571, 'di', 228176)"
1625,"at(192571, 'di', 241538)"
1626,"at(192571, 'di', 221862)"
1627,"at(192571, 'di', 242314)"
1628,"at(192571, 'di', 209419)"
1629,"at(192571, 'di', 209739)"
1630,"at(192571, 'di', 252889)"
1631,"at(192571, 'di', 208105)"
1632,"at(192571, 'di', 206406)"
1633,"at(192571, 'di', 227679)"
1634,"at(196678, 'di', 256480)"
1635,"at(196678, 'di', 242053)"
1636,"at(196678, 'di', 254282)"
1637,"at(196678, 'di', 228176)"
1638,"at(196678, 'di', 219690)"
1639,"at(196678, 'di', 245046)"
1640,"at(196678, 'di', 221862)"
1641,"at(196678, 'di', 202327)"
1642,"at(196678, 'di', 206406)"
1643,"at(196678, 'di', 252889)"
1644,"at(196678, 'di', 242314)"
1645,"at(196678, 'di', 241538)"
1646,"at(196678, 'di', 209419)"
1647,"at(196678, 'di', 209739)"
1648,"at(196678, 'di', 208105)"
1649,"at(196678, 'di', 227679)"
1650,"at(202327, 'di', 241538)"
1651,"at(202327, 'di', 209419)"
1652,"at(202327, 'di', 221862)"
1653,"at(202327, 'di', 219690)"
1654,"at(202327, 'di', 242053)"
1655,"at(202327, 'di', 254282)"
1656,"at(202327, 'di', 208105)"
1657,"at(202327, 'di', 245046)"
1658,"at(202327, 'di', 227679)"
1659,"at(202327, 'di', 256480)"
1660,"at(202327, 'di', 228176)"
1661,"at(202327, 'di', 242314)"
1662,"at(202327, 'di', 209739)"
1663,"at(202327, 'di', 252889)"
1664,"at(202327, 'di', 206406)"
1665,"at(206406, 'di', 252889)"
1666,"at(206406, 'di', 228176)"
1667,"at(206406, 'di', 242314)"
1668,"at(206406, 'di', 256480)"
1669,"at(206406, 'di', 209739)"
1670,"at(206406, 'di', 245046)"
1671,"at(206406, 'di', 242053)"
1672,"at(206406, 'di', 254282)"
1673,"at(206406, 'di', 219690)"
1674,"at(206406, 'di', 221862)"
1675,"at(206406, 'di', 241538)"
1676,"at(206406, 'di', 209419)"
1677,"at(206406, 'di', 208105)"
1678,"at(206406, 'di', 227679)"
1679,"at(208105, 'di', 209419)"
1680,"at(208105, 'di', 241538)"
1681,"at(208105, 'di', 227679)"
1682,"at(208105, 'di', 221862)"
1683,"at(208105, 'di', 219690)"
1684,"at(208105, 'di', 242053)"
1685,"at(208105, 'di', 254282)"
1686,"at(208105, 'di', 245046)"
1687,"at(208105, 'di', 256480)"
1688,"at(208105, 'di', 228176)"
1689,"at(208105, 'di', 242314)"
1690,"at(208105, 'di', 209739)"
1691,"at(208105, 'di', 252889)"
1692,"at(209419, 'di', 241538)"
1693,"at(209419, 'di', 221862)"
1694,"at(209419, 'di', 227679)"
1695,"at(209419, 'di', 219690)"
1696,"at(209419, 'di', 242053)"
1697,"at(209419, 'di', 254282)"
1698,"at(209419, 'di', 245046)"
1699,"at(209419, 'di', 256480)"
1700,"at(209419, 'di', 228176)"
1701,"at(209419, 'di', 242314)"
1702,"at(209419, 'di', 209739)"
1703,"at(209419, 'di', 252889)"
1704,"at(209739, 'di', 242314)"
1705,"at(209739, 'di', 252889)"
1706,"at(209739, 'di', 245046)"
1707,"at(209739, 'di', 228176)"
1708,"at(209739, 'di', 256480)"
1709,"at(209739, 'di', 242053)"
1710,"at(209739, 'di', 254282)"
1711,"at(209739, 'di', 219690)"
1712,"at(209739, 'di', 221862)"
1713,"at(209739, 'di', 241538)"
1714,"at(209739, 'di', 227679)"
1715,"at(219690, 'di', 254282)"
1716,"at(219690, 'di', 242053)"
1717,"at(219690, 'di', 221862)"
1718,"at(219690, 'di', 256480)"
1719,"at(219690, 'di', 228176)"
1720,"at(219690, 'di', 241538)"
1721,"at(219690, 'di', 245046)"
1722,"at(219690, 'di', 242314)"
1723,"at(219690, 'di', 252889)"
1724,"at(219690, 'di', 227679)"
1725,"at(221862, 'di', 241538)"
1726,"at(221862, 'di', 254282)"
1727,"at(221862, 'di', 242053)"
1728,"at(221862, 'di', 227679)"
1729,"at(221862, 'di', 256480)"
1730,"at(221862, 'di', 228176)"
1731,"at(221862, 'di', 245046)"
1732,"at(221862, 'di', 242314)"
1733,"at(221862, 'di', 252889)"
1734,"at(227679, 'di', 241538)"
1735,"at(227679, 'di', 254282)"
1736,"at(227679, 'di', 242053)"
1737,"at(227679, 'di', 256480)"
1738,"at(227679, 'di', 245046)"
1739,"at(227679, 'di', 228176)"
1740,"at(227679, 'di', 242314)"
1741,"at(227679, 'di', 252889)"
1742,"at(228176, 'di', 256480)"
1743,"at(228176, 'di', 254282)"
1744,"at(228176, 'di', 242053)"
1745,"at(228176, 'di', 245046)"
1746,"at(228176, 'di', 252889)"
1747,"at(228176, 'di', 242314)"
1748,"at(228176, 'di', 241538)"
1749,"at(241538, 'di', 242053)"
1750,"at(241538, 'di', 254282)"
1751,"at(241538, 'di', 245046)"
1752,"at(241538, 'di', 256480)"
1753,"at(241538, 'di', 242314)"
1754,"at(241538, 'di', 252889)"
1755,"at(242053, 'di', 254282)"
1756,"at(242053, 'di', 256480)"
1757,"at(242053, 'di', 245046)"
1758,"at(242053, 'di', 242314)"
1759,"at(242053, 'di', 252889)"
1760,"at(242314, 'di', 252889)"
1761,"at(242314, 'di', 245046)"
1762,"at(242314, 'di', 256480)"
1763,"at(242314, 'di', 254282)"
1764,"at(245046, 'di', 254282)"
1765,"at(245046, 'di', 256480)"
1766,"at(245046, 'di', 252889)"
1767,"at(252889, 'di', 256480)"
1768,"at(252889, 'di', 254282)"
1769,"at(254282, 'di', 256480)"
