<?xml version="1.0" encoding="US-ASCII"?>
<!--
Bayesian network in XMLBIF v0.3 (BayesNet Interchange Format)
Produced by BNJ 3.0 (http://bndev.sourceforge.net/
-->
		<!-- DTD for the XMLBIF 0.3 format -->
<!DOCTYPE BIF [
<!ELEMENT BIF ( NETWORK )*>
<!ATTLIST BIF VERSION CDATA #REQUIRED>
<!ELEMENT NETWORK ( NAME, ( PROPERTY | VARIABLE | DEFINITION )* )>
<!ELEMENT NAME (#PCDATA)>
<!ELEMENT VARIABLE ( NAME, ( OUTCOME |  PROPERTY )* ) >
	<!ATTLIST VARIABLE TYPE (nature|decision|utility) "nature">
<!ELEMENT OUTCOME (#PCDATA)>
<!ELEMENT DEFINITION ( FOR | GIVEN | TABLE | PROPERTY )* >
<!ELEMENT FOR (#PCDATA)>
<!ELEMENT GIVEN (#PCDATA)>
<!ELEMENT TABLE (#PCDATA)>
<!ELEMENT PROPERTY (#PCDATA)>
]>
<BIF VERSION="0.3">
<NETWORK>
<NAME>bn</NAME>
	<VARIABLE TYPE="nature">
		<NAME>MaryCalls</NAME>
		<OUTCOME>True</OUTCOME>
		<OUTCOME>False</OUTCOME>
		<PROPERTY>position = (709,334)</PROPERTY>
	</VARIABLE>
	<VARIABLE TYPE="nature">
		<NAME>JohnCalls</NAME>
		<OUTCOME>True</OUTCOME>
		<OUTCOME>False</OUTCOME>
		<PROPERTY>position = (326,379)</PROPERTY>
	</VARIABLE>
	<VARIABLE TYPE="nature">
		<NAME>Alarm</NAME>
		<OUTCOME>True</OUTCOME>
		<OUTCOME>False</OUTCOME>
		<PROPERTY>position = (498,207)</PROPERTY>
	</VARIABLE>
	<VARIABLE TYPE="nature">
		<NAME>Earthquake</NAME>
		<OUTCOME>True</OUTCOME>
		<OUTCOME>False</OUTCOME>
		<PROPERTY>position = (629,70)</PROPERTY>
	</VARIABLE>
	<VARIABLE TYPE="nature">
		<NAME>Burglary</NAME>
		<OUTCOME>True</OUTCOME>
		<OUTCOME>False</OUTCOME>
		<PROPERTY>position = (305,61)</PROPERTY>
	</VARIABLE>
	<DEFINITION>
		<FOR>MaryCalls</FOR>
		<GIVEN>Alarm</GIVEN>
		<TABLE>0.7 0.3 0.01 0.99 		</TABLE>	</DEFINITION>	<DEFINITION>
		<FOR>JohnCalls</FOR>
		<GIVEN>Alarm</GIVEN>
		<TABLE>0.9 0.1 0.05 0.95 		</TABLE>	</DEFINITION>	<DEFINITION>
		<FOR>Alarm</FOR>
		<GIVEN>Earthquake</GIVEN>
		<GIVEN>Burglary</GIVEN>
		<TABLE>0.95 0.05 0.29 0.71 0.94 0.06 0.001 0.99 		</TABLE>	</DEFINITION>	<DEFINITION>
		<FOR>Earthquake</FOR>
		<TABLE>0.002 0.998 		</TABLE>	</DEFINITION>	<DEFINITION>
		<FOR>Burglary</FOR>
		<TABLE>0.001 0.999 		</TABLE>	</DEFINITION></NETWORK>
</BIF>
