,aid,bid,aname,bname,distance,relation
0,15604,241538,Barnsley,Wakefield,14035.66885,di
1,15604,202327,Barnsley,Rotherham,16643.31698,di
2,15604,73869,Barnsley,Doncaster,23345.23506,di
3,15604,29691,Barnsley,Bradford,31622.7766,di
4,15604,27480,Barnsley,Bolton,34132.09633,di
5,15604,49378,Barnsley,Chesterfield,35227.82991,di
6,15604,209419,Barnsley,Selby,37483.32963,di
7,15604,27455,Barnsley,Bolsover,38275.31842,di
8,15604,179357,Barnsley,Oldham,42047.59208,di
9,15604,221862,Barnsley,Stockport,47759.81575,di
10,15604,155993,Barnsley,Mansfield,48846.69897,di
11,15604,153228,Barnsley,Macclesfield,54203.32093,di
12,15604,27479,Barnsley,Bolton,63031.73804,di
13,15604,138041,Barnsley,Lincoln,72069.41099,di
14,15604,74312,Barnsley,Dover,73171.03252,di
15,15604,219690,Barnsley,Stafford,93021.50289,di
16,15604,42501,Barnsley,Cannock Chase,95634.72173,di
17,15604,137590,Barnsley,Lichfield,99689.518,di
18,15604,208105,Barnsley,Scarborough,107168.0923,di
19,15604,79956,Barnsley,Eastbourne,108074.0487,di
20,15604,242053,Barnsley,Walsall,112929.1813,di
21,15604,254282,Barnsley,Wolverhampton,116245.43,di
22,15604,192571,Barnsley,Preston,116726.1753,di
23,15604,22785,Barnsley,Birmingham,121597.6973,di
24,15604,76513,Barnsley,Dudley,123032.516,di
25,15604,227679,Barnsley,Teesdale,125865.0071,di
26,15604,31989,Barnsley,Bridgnorth,129375.4227,di
27,15604,83220,Barnsley,Enfield,141439.0328,di
28,15604,196678,Barnsley,Redditch,142200.5626,di
29,15604,245046,Barnsley,Wellingborough,149485.7853,di
30,15604,176085,Barnsley,Northampton,149939.988,di
31,15604,256480,Barnsley,Worcester,158751.3779,di
32,15604,122689,Barnsley,Horsham,161003.1056,di
33,15604,43335,Barnsley,Carlisle,176708.8,di
34,15604,228176,Barnsley,Tewkesbury,179724.7896,di
35,15604,66992,Barnsley,Croydon,184548.0967,di
36,15604,49155,Barnsley,Cheltenham,188297.6367,di
37,15604,160377,Barnsley,Merton,190394.3276,di
38,15604,171685,Barnsley,New Forest,199972.4981,di
39,15604,89835,Barnsley,Forest of Dean,207867.7464,di
40,15604,176647,Barnsley,Norwich,212896.6886,di
41,15604,63445,Barnsley,Crawley,214441.1341,di
42,15604,30301,Barnsley,Braintree,231631.1723,di
43,15604,83366,Barnsley,Epping Forest,234367.2332,di
44,15604,126139,Barnsley,Ipswich,243655.4945,di
45,15604,56711,Barnsley,Colchester,244920.3952,di
46,15604,242314,Barnsley,Wandsworth,248278.0699,di
47,15604,154505,Barnsley,Maldon,249200.7223,di
48,15604,70691,Barnsley,Dartford,261176.1857,di
49,15604,105298,Barnsley,Guildford,265092.4367,di
50,15604,206406,Barnsley,Salisbury,276723.6889,di
51,15604,103862,Barnsley,Greenwich,277200.2886,di
52,15604,209739,Barnsley,Sevenoaks,277353.565,di
53,15604,252889,Barnsley,Winchester,277353.565,di
54,15604,153958,Barnsley,Maidstone,288383.4253,di
55,15604,110523,Barnsley,Havant,302273.0554,di
56,15604,110136,Barnsley,Hastings,307748.2738,di
57,15604,137331,Barnsley,Lewes,314745.9293,di
58,15604,84292,Barnsley,Exeter,344615.728,di
59,22785,242053,Birmingham,Walsall,13601.47051,di
60,22785,76513,Birmingham,Dudley,16278.8206,di
61,22785,83220,Birmingham,Enfield,19924.85885,di
62,22785,196678,Birmingham,Redditch,20615.52813,di
63,22785,254282,Birmingham,Wolverhampton,21095.02311,di
64,22785,137590,Birmingham,Lichfield,22090.72203,di
65,22785,42501,Birmingham,Cannock Chase,31622.7766,di
66,22785,176085,Birmingham,Northampton,34058.77273,di
67,22785,31989,Birmingham,Bridgnorth,38470.76812,di
68,22785,219690,Birmingham,Stafford,39812.05847,di
69,22785,256480,Birmingham,Worcester,40000.0,ov
70,22785,122689,Birmingham,Horsham,46861.49806,di
71,22785,228176,Birmingham,Tewkesbury,58523.49955,di
72,22785,49155,Birmingham,Cheltenham,66708.32032,di
73,22785,192571,Birmingham,Preston,79429.21377,di
74,22785,245046,Birmingham,Wellingborough,82462.11251,di
75,22785,160377,Birmingham,Merton,84876.3807,di
76,22785,155993,Birmingham,Mansfield,86092.973,di
77,22785,153228,Birmingham,Macclesfield,87863.53055,di
78,22785,49378,Birmingham,Chesterfield,88865.06625,di
79,22785,89835,Birmingham,Forest of Dean,89358.82721,di
80,22785,27455,Birmingham,Bolsover,91285.26716,di
81,22785,63445,Birmingham,Crawley,93300.58949,di
82,22785,171685,Birmingham,New Forest,97616.59695,di
83,22785,221862,Birmingham,Stockport,104923.7819,di
84,22785,202327,Birmingham,Rotherham,110367.5677,di
85,22785,179357,Birmingham,Oldham,118228.5921,di
86,22785,138041,Birmingham,Lincoln,121655.2506,di
87,22785,74312,Birmingham,Dover,123693.1688,di
88,22785,73869,Birmingham,Doncaster,124615.4084,di
89,22785,27479,Birmingham,Bolton,126826.6534,di
90,22785,66992,Birmingham,Croydon,127781.0628,di
91,22785,241538,Birmingham,Wakefield,135148.0669,di
92,22785,29691,Birmingham,Bradford,145168.8672,di
93,22785,27480,Birmingham,Bolton,148165.4481,di
94,22785,209419,Birmingham,Selby,154042.202,di
95,22785,103862,Birmingham,Greenwich,155929.4712,di
96,22785,206406,Birmingham,Salisbury,157079.5977,di
97,22785,83366,Birmingham,Epping Forest,160031.2469,di
98,22785,242314,Birmingham,Wandsworth,161245.155,di
99,22785,252889,Birmingham,Winchester,162742.1273,di
100,22785,105298,Birmingham,Guildford,164754.3626,di
101,22785,30301,Birmingham,Braintree,178843.507,di
102,22785,70691,Birmingham,Dartford,182879.7419,di
103,22785,110136,Birmingham,Hastings,187949.4613,di
104,22785,110523,Birmingham,Havant,191324.332,di
105,22785,154505,Birmingham,Maldon,192418.814,di
106,22785,209739,Birmingham,Sevenoaks,194609.8661,di
107,22785,56711,Birmingham,Colchester,199859.951,di
108,22785,126139,Birmingham,Ipswich,211419.0152,di
109,22785,153958,Birmingham,Maidstone,212868.504,di
110,22785,176647,Birmingham,Norwich,215027.9052,di
111,22785,137331,Birmingham,Lewes,220800.8152,di
112,22785,208105,Birmingham,Scarborough,221894.1189,di
113,22785,84292,Birmingham,Exeter,227407.1239,di
114,22785,79956,Birmingham,Eastbourne,227969.2962,di
115,22785,227679,Birmingham,Teesdale,238537.2088,di
116,22785,43335,Birmingham,Carlisle,276990.9746,di
117,27455,49378,Bolsover,Chesterfield,9055.385138,di
118,27455,155993,Bolsover,Mansfield,10816.65383,di
119,27455,202327,Bolsover,Rotherham,22360.67977,di
120,27455,73869,Bolsover,Doncaster,33526.10923,di
121,27455,138041,Bolsover,Lincoln,50009.999,di
122,27455,241538,Bolsover,Wakefield,51923.01994,di
123,27455,153228,Bolsover,Macclesfield,56080.29957,di
124,27455,221862,Bolsover,Stockport,61351.4466,di
125,27455,209419,Bolsover,Selby,63560.99433,di
126,27455,179357,Bolsover,Oldham,64660.65264,di
127,27455,29691,Bolsover,Bradford,69318.1073,di
128,27455,137590,Bolsover,Lichfield,70830.78427,di
129,27455,42501,Bolsover,Cannock Chase,71505.24456,di
130,27455,27480,Bolsover,Bolton,72013.88755,di
131,27455,219690,Bolsover,Stafford,72346.38899,di
132,27455,192571,Bolsover,Preston,78892.33169,di
133,27455,27479,Bolsover,Bolton,84970.58314,di
134,27455,242053,Bolsover,Walsall,85440.03745,di
135,27455,254282,Bolsover,Wolverhampton,91214.03401,di
136,27455,74312,Bolsover,Dover,91416.62868,di
137,27455,76513,Bolsover,Dudley,96519.4281,di
138,27455,31989,Bolsover,Bridgnorth,108189.6483,di
139,27455,83220,Bolsover,Enfield,111085.5526,di
140,27455,245046,Bolsover,Wellingborough,111233.9876,di
141,27455,196678,Bolsover,Redditch,111615.4111,di
142,27455,176085,Bolsover,Northampton,122967.4754,di
143,27455,208105,Bolsover,Scarborough,130613.9349,di
144,27455,256480,Bolsover,Worcester,130648.3831,di
145,27455,122689,Bolsover,Horsham,135074.0538,di
146,27455,79956,Bolsover,Eastbourne,145000.0,di
147,27455,66992,Bolsover,Croydon,147299.0156,di
148,27455,228176,Bolsover,Tewkesbury,149693.0192,di
149,27455,160377,Bolsover,Merton,153326.4491,di
150,27455,49155,Bolsover,Cheltenham,157203.6895,di
151,27455,227679,Bolsover,Teesdale,164137.1378,di
152,27455,171685,Bolsover,New Forest,179694.1847,di
153,27455,89835,Bolsover,Forest of Dean,180294.204,di
154,27455,63445,Bolsover,Crawley,184396.3123,di
155,27455,176647,Bolsover,Norwich,186601.179,di
156,27455,30301,Bolsover,Braintree,195576.0722,di
157,27455,83366,Bolsover,Epping Forest,196491.7301,di
158,27455,242314,Bolsover,Wandsworth,210021.4275,di
159,27455,56711,Bolsover,Colchester,210069.0363,di
160,27455,126139,Bolsover,Ipswich,210800.8539,di
161,27455,154505,Bolsover,Maldon,212927.2176,di
162,27455,43335,Bolsover,Carlisle,214217.1795,di
163,27455,70691,Bolsover,Dartford,223235.3019,di
164,27455,105298,Bolsover,Guildford,227035.2396,di
165,27455,209739,Bolsover,Sevenoaks,239269.7223,di
166,27455,252889,Bolsover,Winchester,241002.0747,di
167,27455,206406,Bolsover,Salisbury,242258.1268,di
168,27455,103862,Bolsover,Greenwich,244272.3889,di
169,27455,153958,Bolsover,Maidstone,250730.9315,di
170,27455,110523,Bolsover,Havant,265088.6644,di
171,27455,137331,Bolsover,Lewes,276470.6133,di
172,27455,110136,Bolsover,Hastings,279234.6683,di
173,27455,84292,Bolsover,Exeter,318290.7476,di
174,27480,29691,Bolton,Bradford,3000.0,di
175,27479,74312,Bolton,Dover,12206.55562,di
176,27479,179357,Bolton,Oldham,21377.55833,di
177,27480,241538,Bolton,Wakefield,22671.5681,di
178,27479,221862,Bolton,Stockport,25455.84412,di
179,27480,179357,Bolton,Oldham,39204.59157,di
180,27479,153228,Bolton,Macclesfield,40311.28874,di
181,27480,209419,Bolton,Selby,45099.88914,di
182,27480,202327,Bolton,Rotherham,50774.0091,di
183,27479,29691,Bolton,Bradford,51000.0,di
184,27479,27480,Bolton,Bolton,52478.56705,di
185,27480,221862,Bolton,Stockport,52478.56705,di
186,27480,73869,Bolton,Doncaster,52630.78947,di
187,27479,241538,Bolton,Wakefield,63150.61362,di
188,27480,74312,Bolton,Dover,64660.65264,di
189,27480,153228,Bolton,Macclesfield,66850.57965,di
190,27480,49378,Bolton,Chesterfield,67675.69726,di
191,27479,202327,Bolton,Rotherham,73756.35566,di
192,27479,49378,Bolton,Chesterfield,76537.57247,di
193,27480,79956,Bolton,Eastbourne,80230.91673,di
194,27480,155993,Bolton,Mansfield,82734.51517,di
195,27479,73869,Bolton,Doncaster,86209.04825,di
196,27479,219690,Bolton,Stafford,87555.69656,di
197,27480,227679,Bolton,Teesdale,92892.41088,di
198,27479,209419,Bolton,Selby,93145.04818,di
199,27479,155993,Bolton,Mansfield,94514.54914,di
200,27479,42501,Bolton,Cannock Chase,95210.29356,di
201,27480,208105,Bolton,Scarborough,101872.4693,di
202,27480,138041,Bolton,Lincoln,103232.7467,di
203,27479,137590,Bolton,Lichfield,106775.4653,di
204,27479,254282,Bolton,Wolverhampton,111803.3989,di
205,27479,242053,Bolton,Walsall,114017.5425,di
206,27480,219690,Bolton,Stafford,114542.5685,di
207,27479,31989,Bolton,Bridgnorth,115000.0,di
208,27479,227679,Bolton,Teesdale,119050.4095,di
209,27480,42501,Bolton,Cannock Chase,119218.2872,di
210,27479,76513,Bolton,Dudley,120033.3287,di
211,27479,79956,Bolton,Eastbourne,121313.6431,di
212,27480,137590,Bolton,Lichfield,126099.1673,di
213,27479,138041,Bolton,Lincoln,131320.2193,di
214,27480,242053,Bolton,Walsall,137818.7215,di
215,27480,254282,Bolton,Wolverhampton,139262.3424,di
216,27480,43335,Bolton,Carlisle,142579.8022,di
217,27479,176085,Bolton,Northampton,143502.6132,di
218,27479,83220,Bolton,Enfield,143610.5846,di
219,27479,196678,Bolton,Redditch,144810.2206,di
220,27480,76513,Bolton,Dudley,146812.806,di
221,27480,31989,Bolton,Bridgnorth,148959.7261,di
222,27479,43335,Bolton,Carlisle,150442.6801,di
223,27480,192571,Bolton,Preston,150764.7174,di
224,27479,122689,Bolton,Horsham,151013.2445,di
225,27479,256480,Bolton,Worcester,153639.1877,di
226,27479,208105,Bolton,Scarborough,154350.2511,di
227,27479,192571,Bolton,Preston,157136.883,di
228,27480,83220,Bolton,Enfield,167505.2238,di
229,27480,196678,Bolton,Redditch,168428.0262,di
230,27480,176085,Bolton,Northampton,173173.3236,di
231,27479,171685,Bolton,New Forest,175413.7965,di
232,27479,228176,Bolton,Tewkesbury,176918.0601,di
233,27480,256480,Bolton,Worcester,182649.9384,di
234,27480,122689,Bolton,Horsham,183120.1791,di
235,27480,245046,Bolton,Wellingborough,183174.7799,di
236,27479,245046,Bolton,Wellingborough,183861.3608,di
237,27479,49155,Bolton,Cheltenham,187416.6481,di
238,27479,89835,Bolton,Forest of Dean,197205.4766,di
239,27480,228176,Bolton,Tewkesbury,204787.6949,di
240,27479,63445,Bolton,Crawley,209117.192,di
241,27479,160377,Bolton,Merton,209468.3747,di
242,27480,49155,Bolton,Cheltenham,214133.1362,di
243,27480,171685,Bolton,New Forest,216517.8976,di
244,27480,66992,Bolton,Croydon,218680.1317,di
245,27480,160377,Bolton,Merton,221822.0007,di
246,27479,66992,Bolton,Croydon,225568.1715,di
247,27480,89835,Bolton,Forest of Dean,230417.0133,di
248,27480,63445,Bolton,Crawley,239039.7456,di
249,27480,176647,Bolton,Norwich,242853.8655,di
250,27480,30301,Bolton,Braintree,265601.2048,di
251,27480,83366,Bolton,Epping Forest,268411.9968,di
252,27479,83366,Bolton,Epping Forest,270815.4353,di
253,27479,176647,Bolton,Norwich,271116.2112,di
254,27479,30301,Bolton,Braintree,276134.0254,di
255,27480,126139,Bolton,Ipswich,276551.9843,di
256,27479,103862,Bolton,Greenwich,276797.7601,di
257,27480,56711,Bolton,Colchester,278548.021,di
258,27479,242314,Bolton,Wandsworth,279293.7522,di
259,27479,206406,Bolton,Salisbury,281305.8833,di
260,27480,242314,Bolton,Wandsworth,281923.7486,di
261,27480,154505,Bolton,Maldon,283210.1693,di
262,27479,105298,Bolton,Guildford,288903.0979,di
263,27479,252889,Bolton,Winchester,289430.4752,di
264,27479,56711,Bolton,Colchester,292357.6577,di
265,27479,154505,Bolton,Maldon,292865.1567,di
266,27479,110136,Bolton,Hastings,294726.9923,di
267,27479,126139,Bolton,Ipswich,294823.6761,di
268,27480,70691,Bolton,Dartford,295194.8509,di
269,27479,70691,Bolton,Dartford,296624.3416,di
270,27480,105298,Bolton,Guildford,297800.2686,di
271,27480,103862,Bolton,Greenwich,303949.0089,di
272,27480,206406,Bolton,Salisbury,305006.5573,di
273,27480,252889,Bolton,Winchester,307668.6529,di
274,27479,209739,Bolton,Sevenoaks,311078.7682,di
275,27480,209739,Bolton,Sevenoaks,311281.2233,di
276,27479,110523,Bolton,Havant,318125.7613,di
277,27480,153958,Bolton,Maidstone,322490.3099,di
278,27479,153958,Bolton,Maidstone,325628.6228,di
279,27479,84292,Bolton,Exeter,325725.3444,di
280,27480,110136,Bolton,Hastings,330130.2773,di
281,27480,110523,Bolton,Havant,333565.5858,di
282,27479,137331,Bolton,Lewes,343080.1656,di
283,27480,137331,Bolton,Lewes,348209.7069,di
284,27480,84292,Bolton,Exeter,364725.9245,di
285,29691,241538,Bradford,Wakefield,20808.65205,di
286,29691,179357,Bradford,Oldham,36878.17783,di
287,29691,209419,Bradford,Selby,45000.0,di
288,29691,202327,Bradford,Rotherham,48259.71405,di
289,29691,221862,Bradford,Stockport,49929.95093,di
290,29691,73869,Bradford,Doncaster,50803.54318,di
291,29691,74312,Bradford,Dover,63134.77647,di
292,29691,153228,Bradford,Macclesfield,64078.07737,di
293,29691,49378,Bradford,Chesterfield,64845.97135,di
294,29691,155993,Bradford,Mansfield,80062.4756,di
295,29691,79956,Bradford,Eastbourne,83186.53737,di
296,29691,227679,Bradford,Teesdale,95801.8789,di
297,29691,138041,Bradford,Lincoln,101400.1972,di
298,29691,208105,Bradford,Scarborough,103464.9699,di
299,29691,219690,Bradford,Stafford,111610.9314,di
300,29691,42501,Bradford,Cannock Chase,116249.7312,di
301,29691,137590,Bradford,Lichfield,123101.5841,di
302,29691,242053,Bradford,Walsall,134836.9386,di
303,29691,254282,Bradford,Wolverhampton,136312.1418,di
304,29691,76513,Bradford,Dudley,143850.617,di
305,29691,43335,Bradford,Carlisle,145113.7485,di
306,29691,31989,Bradford,Bridgnorth,146102.7036,di
307,29691,192571,Bradford,Preston,148124.9473,di
308,29691,83220,Bradford,Enfield,164514.4371,di
309,29691,196678,Bradford,Redditch,165435.7881,di
310,29691,176085,Bradford,Northampton,170229.2572,di
311,29691,256480,Bradford,Worcester,179694.1847,di
312,29691,122689,Bradford,Horsham,180205.4383,di
313,29691,245046,Bradford,Wellingborough,180427.2707,di
314,29691,228176,Bradford,Tewkesbury,201814.2711,di
315,29691,49155,Bradford,Cheltenham,211149.2363,di
316,29691,171685,Bradford,New Forest,213805.9868,di
317,29691,66992,Bradford,Croydon,216134.2176,di
318,29691,160377,Bradford,Merton,218874.3932,di
319,29691,89835,Bradford,Forest of Dean,227501.6483,di
320,29691,63445,Bradford,Crawley,236078.3768,di
321,29691,176647,Bradford,Norwich,241298.5702,di
322,29691,30301,Bradford,Braintree,263212.8416,di
323,29691,83366,Bradford,Epping Forest,265766.8151,di
324,29691,126139,Bradford,Ipswich,274488.6154,di
325,29691,56711,Bradford,Colchester,276293.3224,di
326,29691,242314,Bradford,Wandsworth,279159.4526,di
327,29691,154505,Bradford,Maldon,280800.641,di
328,29691,70691,Bradford,Dartford,292535.4679,di
329,29691,105298,Bradford,Guildford,294920.3282,di
330,29691,103862,Bradford,Greenwich,300958.4689,di
331,29691,206406,Bradford,Salisbury,302006.6224,di
332,29691,252889,Bradford,Winchester,304685.0833,di
333,29691,209739,Bradford,Sevenoaks,308585.4825,di
334,29691,153958,Bradford,Maidstone,319889.0433,di
335,29691,110136,Bradford,Hastings,327232.3334,di
336,29691,110523,Bradford,Havant,330607.0175,di
337,29691,137331,Bradford,Lewes,345411.349,di
338,29691,84292,Bradford,Exeter,361906.0652,di
339,30301,154505,Braintree,Maldon,17888.54382,di
340,30301,56711,Braintree,Colchester,23086.79276,di
341,30301,83366,Braintree,Epping Forest,42201.89569,di
342,30301,126139,Braintree,Ipswich,45177.42799,di
343,30301,66992,Braintree,Croydon,51971.14584,di
344,30301,70691,Braintree,Dartford,55461.6985,di
345,30301,153958,Braintree,Maidstone,68000.0,di
346,30301,242314,Braintree,Wandsworth,70035.70518,di
347,30301,209739,Braintree,Sevenoaks,72111.02551,di
348,30301,176647,Braintree,Norwich,97128.78049,di
349,30301,245046,Braintree,Wellingborough,97493.58953,di
350,30301,105298,Braintree,Guildford,106794.1946,di
351,30301,137331,Braintree,Lewes,118296.2383,di
352,30301,192571,Braintree,Preston,119004.2016,di
353,30301,160377,Braintree,Merton,119151.1645,di
354,30301,110523,Braintree,Havant,157206.8701,di
355,30301,252889,Braintree,Winchester,158808.0602,di
356,30301,138041,Braintree,Lincoln,167764.7162,di
357,30301,196678,Braintree,Redditch,177538.7282,di
358,30301,83220,Braintree,Enfield,178756.8181,di
359,30301,49155,Braintree,Cheltenham,182002.7472,di
360,30301,155993,Braintree,Mansfield,184859.406,di
361,30301,137590,Braintree,Lichfield,186067.1922,di
362,30301,206406,Braintree,Salisbury,186796.6809,di
363,30301,228176,Braintree,Tewkesbury,187216.4523,di
364,30301,242053,Braintree,Walsall,190394.3276,di
365,30301,256480,Braintree,Worcester,193662.0768,di
366,30301,76513,Braintree,Dudley,194879.4499,di
367,30301,176085,Braintree,Northampton,197517.0879,di
368,30301,63445,Braintree,Crawley,199449.2417,di
369,30301,254282,Braintree,Wolverhampton,199624.6478,di
370,30301,42501,Braintree,Cannock Chase,200412.0755,di
371,30301,49378,Braintree,Chesterfield,202356.1217,di
372,30301,103862,Braintree,Greenwich,205272.989,di
373,30301,122689,Braintree,Horsham,205827.5978,di
374,30301,219690,Braintree,Stafford,209418.2418,di
375,30301,89835,Braintree,Forest of Dean,214336.1845,di
376,30301,73869,Braintree,Doncaster,214946.505,di
377,30301,202327,Braintree,Rotherham,215058.1317,di
378,30301,31989,Braintree,Bridgnorth,216621.7902,di
379,30301,153228,Braintree,Macclesfield,238170.1073,di
380,30301,209419,Braintree,Selby,238549.7852,di
381,30301,241538,Braintree,Wakefield,243429.6613,di
382,30301,221862,Braintree,Stockport,250714.9776,di
383,30301,171685,Braintree,New Forest,252507.4256,di
384,30301,179357,Braintree,Oldham,258102.6927,di
385,30301,110136,Braintree,Hastings,267346.2175,di
386,30301,208105,Braintree,Scarborough,274870.8788,di
387,30301,74312,Braintree,Dover,279121.8372,di
388,30301,84292,Braintree,Exeter,312757.0942,di
389,30301,79956,Braintree,Eastbourne,325571.8047,di
390,30301,227679,Braintree,Teesdale,353118.9601,di
391,30301,43335,Braintree,Carlisle,407912.9809,di
392,31989,254282,Bridgnorth,Wolverhampton,20615.52813,di
393,31989,76513,Bridgnorth,Dudley,22203.60331,di
394,31989,242053,Bridgnorth,Walsall,30413.81265,di
395,31989,176085,Bridgnorth,Northampton,30463.09242,di
396,31989,122689,Bridgnorth,Horsham,36055.51275,di
397,31989,219690,Bridgnorth,Stafford,36619.66685,di
398,31989,42501,Bridgnorth,Cannock Chase,36878.17783,di
399,31989,256480,Bridgnorth,Worcester,40496.91346,di
400,31989,83220,Bridgnorth,Enfield,40607.88101,di
401,31989,196678,Bridgnorth,Redditch,42011.90308,di
402,31989,137590,Bridgnorth,Lichfield,43081.31846,di
403,31989,228176,Bridgnorth,Tewkesbury,63600.31446,di
404,31989,171685,Bridgnorth,New Forest,71589.10532,di
405,31989,49155,Bridgnorth,Cheltenham,74632.43263,di
406,31989,153228,Bridgnorth,Macclesfield,82462.11251,di
407,31989,89835,Bridgnorth,Forest of Dean,82492.42389,di
408,31989,63445,Bridgnorth,Crawley,94260.27795,di
409,31989,221862,Bridgnorth,Stockport,98655.96789,di
410,31989,49378,Bridgnorth,Chesterfield,102825.0942,di
411,31989,155993,Bridgnorth,Mansfield,106526.9919,di
412,31989,74312,Bridgnorth,Dover,108461.9749,di
413,31989,179357,Bridgnorth,Oldham,112969.0223,di
414,31989,160377,Bridgnorth,Merton,114769.3339,di
415,31989,192571,Bridgnorth,Preston,116348.6141,di
416,31989,245046,Bridgnorth,Wellingborough,120830.4597,di
417,31989,202327,Bridgnorth,Rotherham,122413.2346,di
418,31989,73869,Bridgnorth,Doncaster,138841.6364,di
419,31989,241538,Bridgnorth,Wakefield,141325.8646,di
420,31989,138041,Bridgnorth,Lincoln,148189.0684,di
421,31989,103862,Bridgnorth,Greenwich,162363.7891,di
422,31989,209419,Bridgnorth,Selby,165592.8742,di
423,31989,66992,Bridgnorth,Croydon,165939.7481,di
424,31989,206406,Bridgnorth,Salisbury,168576.3922,di
425,31989,252889,Bridgnorth,Winchester,181176.7093,di
426,31989,110136,Bridgnorth,Hastings,181463.495,di
427,31989,105298,Bridgnorth,Guildford,192665.5133,di
428,31989,242314,Bridgnorth,Wandsworth,194010.309,di
429,31989,83366,Bridgnorth,Epping Forest,195616.9727,di
430,31989,110523,Bridgnorth,Havant,212058.9541,di
431,31989,84292,Bridgnorth,Exeter,215967.5902,di
432,31989,70691,Bridgnorth,Dartford,217165.8353,di
433,31989,209739,Bridgnorth,Sevenoaks,227607.1176,di
434,31989,79956,Bridgnorth,Eastbourne,228740.0271,di
435,31989,154505,Bridgnorth,Maldon,229706.3343,di
436,31989,227679,Bridgnorth,Teesdale,233040.769,di
437,31989,208105,Bridgnorth,Scarborough,235476.1134,di
438,31989,56711,Bridgnorth,Colchester,237924.3577,di
439,31989,153958,Bridgnorth,Maidstone,247121.4276,di
440,31989,137331,Bridgnorth,Lewes,249777.9013,di
441,31989,126139,Bridgnorth,Ipswich,249851.9562,di
442,31989,176647,Bridgnorth,Norwich,252446.0338,di
443,31989,43335,Bridgnorth,Carlisle,263946.9644,di
444,42501,219690,Cannock Chase,Stafford,9219.544457,di
445,42501,137590,Cannock Chase,Lichfield,14422.2051,di
446,42501,242053,Cannock Chase,Walsall,19104.97317,di
447,42501,254282,Cannock Chase,Wolverhampton,20615.52813,di
448,42501,76513,Cannock Chase,Dudley,27658.63337,di
449,42501,83220,Cannock Chase,Enfield,49162.99421,di
450,42501,196678,Cannock Chase,Redditch,50249.37811,di
451,42501,176085,Cannock Chase,Northampton,54405.88203,di
452,42501,153228,Cannock Chase,Macclesfield,56568.54249,di
453,42501,256480,Cannock Chase,Worcester,63560.99433,di
454,42501,122689,Cannock Chase,Horsham,65391.1309,di
455,42501,49378,Cannock Chase,Chesterfield,66610.80993,di
456,42501,155993,Cannock Chase,Mansfield,69656.29907,di
457,42501,221862,Cannock Chase,Stockport,73681.74808,di
458,42501,228176,Cannock Chase,Tewkesbury,85586.21384,di
459,42501,202327,Cannock Chase,Rotherham,86954.01083,di
460,42501,179357,Cannock Chase,Oldham,87281.1549,di
461,42501,192571,Cannock Chase,Preston,89269.25563,di
462,42501,74312,Cannock Chase,Dover,92195.44457,di
463,42501,49155,Cannock Chase,Cheltenham,95131.48795,di
464,42501,73869,Cannock Chase,Doncaster,102902.8668,di
465,42501,245046,Cannock Chase,Wellingborough,102956.3014,di
466,42501,171685,Cannock Chase,New Forest,108208.1328,di
467,42501,241538,Cannock Chase,Wakefield,108466.5847,di
468,42501,138041,Cannock Chase,Lincoln,111892.8058,di
469,42501,89835,Cannock Chase,Forest of Dean,112271.9912,di
470,42501,160377,Cannock Chase,Merton,115602.7681,di
471,42501,63445,Cannock Chase,Crawley,119854.0779,di
472,42501,209419,Cannock Chase,Selby,130648.3831,di
473,42501,66992,Cannock Chase,Croydon,148485.6895,di
474,42501,103862,Cannock Chase,Greenwich,185132.3851,di
475,42501,83366,Cannock Chase,Epping Forest,186037.6306,di
476,42501,206406,Cannock Chase,Salisbury,187600.6397,di
477,42501,242314,Cannock Chase,Wandsworth,189842.0396,di
478,42501,252889,Cannock Chase,Winchester,194280.7247,di
479,42501,105298,Cannock Chase,Guildford,195509.5906,di
480,42501,79956,Cannock Chase,Eastbourne,199424.1711,di
481,42501,208105,Cannock Chase,Scarborough,200142.4493,di
482,42501,227679,Cannock Chase,Teesdale,208086.5205,di
483,42501,70691,Cannock Chase,Dartford,210107.1155,di
484,42501,110136,Cannock Chase,Hastings,212190.9517,di
485,42501,154505,Cannock Chase,Maldon,215232.4325,di
486,42501,56711,Cannock Chase,Colchester,220145.4065,di
487,42501,209739,Cannock Chase,Sevenoaks,222829.5313,di
488,42501,110523,Cannock Chase,Havant,222946.1818,di
489,42501,176647,Cannock Chase,Norwich,224180.7307,di
490,42501,126139,Cannock Chase,Ipswich,228949.7762,di
491,42501,153958,Cannock Chase,Maidstone,239943.7434,di
492,42501,43335,Cannock Chase,Carlisle,245446.5319,di
493,42501,84292,Cannock Chase,Exeter,249146.5432,di
494,42501,137331,Cannock Chase,Lewes,251023.9032,di
495,43335,227679,Carlisle,Teesdale,61773.78085,di
496,43335,79956,Carlisle,Eastbourne,99809.81916,di
497,43335,74312,Carlisle,Dover,155563.4919,di
498,43335,179357,Carlisle,Oldham,160031.2469,di
499,43335,241538,Carlisle,Wakefield,164502.2796,di
500,43335,221862,Carlisle,Stockport,172409.3965,di
501,43335,209419,Carlisle,Selby,173242.6045,di
502,43335,208105,Carlisle,Scarborough,177158.1215,di
503,43335,153228,Carlisle,Macclesfield,189282.8571,di
504,43335,73869,Carlisle,Doncaster,193217.494,di
505,43335,202327,Carlisle,Rotherham,193352.0106,di
506,43335,49378,Carlisle,Chesterfield,208942.5758,di
507,43335,155993,Carlisle,Mansfield,225015.555,di
508,43335,219690,Carlisle,Stafford,237976.8896,di
509,43335,138041,Carlisle,Lincoln,242528.3489,di
510,43335,137590,Carlisle,Lichfield,256320.1124,di
511,43335,254282,Carlisle,Wolverhampton,262207.9328,di
512,43335,242053,Carlisle,Walsall,264372.8428,di
513,43335,76513,Carlisle,Dudley,270445.9281,di
514,43335,192571,Carlisle,Preston,293109.1947,di
515,43335,176085,Carlisle,Northampton,293318.939,di
516,43335,83220,Carlisle,Enfield,294049.3156,di
517,43335,196678,Carlisle,Redditch,295243.9669,di
518,43335,122689,Carlisle,Horsham,299933.3259,di
519,43335,256480,Carlisle,Worcester,303506.1779,di
520,43335,171685,Carlisle,New Forest,316355.8123,di
521,43335,245046,Carlisle,Wellingborough,324721.4191,di
522,43335,228176,Carlisle,Tewkesbury,326847.059,di
523,43335,49155,Carlisle,Cheltenham,337511.4813,di
524,43335,89835,Carlisle,Forest of Dean,344768.038,di
525,43335,160377,Carlisle,Merton,358005.5865,di
526,43335,63445,Carlisle,Crawley,358129.8647,di
527,43335,66992,Carlisle,Croydon,361247.8374,di
528,43335,176647,Carlisle,Norwich,376384.1123,di
529,43335,83366,Carlisle,Epping Forest,410679.924,di
530,43335,126139,Carlisle,Ipswich,416473.2885,di
531,43335,56711,Carlisle,Colchester,420119.0308,di
532,43335,242314,Carlisle,Wandsworth,423079.1888,di
533,43335,154505,Carlisle,Maldon,425592.5281,di
534,43335,103862,Carlisle,Greenwich,426307.4008,di
535,43335,206406,Carlisle,Salisbury,431566.9125,di
536,43335,105298,Carlisle,Guildford,436389.7341,di
537,43335,70691,Carlisle,Dartford,437370.5523,di
538,43335,110136,Carlisle,Hastings,439072.8869,di
539,43335,252889,Carlisle,Winchester,439723.7769,di
540,43335,209739,Carlisle,Sevenoaks,453176.566,di
541,43335,153958,Carlisle,Maidstone,464939.781,di
542,43335,84292,Carlisle,Exeter,465379.4151,di
543,43335,110523,Carlisle,Havant,468001.0684,di
544,43335,137331,Carlisle,Lewes,488701.3403,di
545,49155,228176,Cheltenham,Tewkesbury,11180.33989,ov
546,49155,63445,Cheltenham,Crawley,28017.85145,di
547,49155,89835,Cheltenham,Forest of Dean,33837.84863,di
548,49155,256480,Cheltenham,Worcester,34205.26275,di
549,49155,122689,Cheltenham,Horsham,40816.66326,di
550,49155,176085,Cheltenham,Northampton,44384.68204,di
551,49155,196678,Cheltenham,Redditch,46097.72229,di
552,49155,83220,Cheltenham,Enfield,46872.16658,di
553,49155,160377,Cheltenham,Merton,63198.10124,di
554,49155,76513,Cheltenham,Dudley,68007.35254,di
555,49155,171685,Cheltenham,New Forest,72034.71385,di
556,49155,254282,Cheltenham,Wolverhampton,76059.18748,di
557,49155,242053,Cheltenham,Walsall,76321.68761,di
558,49155,137590,Cheltenham,Lichfield,88645.36085,di
559,49155,103862,Cheltenham,Greenwich,90022.21948,di
560,49155,206406,Cheltenham,Salisbury,94148.81837,di
561,49155,219690,Cheltenham,Stafford,101019.8,di
562,49155,245046,Cheltenham,Wellingborough,105118.9802,di
563,49155,252889,Cheltenham,Winchester,107540.69,di
564,49155,192571,Cheltenham,Preston,122674.3657,di
565,49155,110136,Cheltenham,Hastings,123308.5561,di
566,49155,105298,Cheltenham,Guildford,127882.7588,di
567,49155,242314,Cheltenham,Wandsworth,139176.1474,di
568,49155,110523,Cheltenham,Havant,139230.0255,di
569,49155,66992,Cheltenham,Croydon,139635.2391,di
570,49155,83366,Cheltenham,Epping Forest,149933.3185,di
571,49155,155993,Cheltenham,Mansfield,151003.3112,di
572,49155,153228,Cheltenham,Macclesfield,151029.7984,di
573,49155,49378,Cheltenham,Chesterfield,155360.8702,di
574,49155,84292,Cheltenham,Exeter,165239.2205,di
575,49155,70691,Cheltenham,Dartford,165423.6984,di
576,49155,221862,Cheltenham,Stockport,168074.3883,di
577,49155,209739,Cheltenham,Sevenoaks,171618.7635,di
578,49155,202327,Cheltenham,Rotherham,176920.8863,di
579,49155,138041,Cheltenham,Lincoln,181135.3085,di
580,49155,179357,Cheltenham,Oldham,182010.9887,di
581,49155,74312,Cheltenham,Dover,182016.4828,di
582,49155,137331,Cheltenham,Lewes,184805.303,di
583,49155,154505,Cheltenham,Maldon,190591.1855,di
584,49155,73869,Cheltenham,Doncaster,190706.5809,di
585,49155,153958,Cheltenham,Maidstone,193940.7126,di
586,49155,241538,Cheltenham,Wakefield,201804.3607,di
587,49155,56711,Cheltenham,Colchester,205021.95,di
588,49155,209419,Cheltenham,Selby,220429.1269,di
589,49155,126139,Cheltenham,Ipswich,223087.4268,di
590,49155,176647,Cheltenham,Norwich,244616.0256,di
591,49155,208105,Cheltenham,Scarborough,287466.5198,di
592,49155,79956,Cheltenham,Eastbourne,294210.8088,di
593,49155,227679,Cheltenham,Teesdale,303001.6502,di
594,49378,155993,Chesterfield,Mansfield,18027.75638,di
595,49378,202327,Chesterfield,Rotherham,21587.03314,di
596,49378,73869,Chesterfield,Doncaster,36359.31793,di
597,49378,153228,Chesterfield,Macclesfield,47042.53395,di
598,49378,241538,Chesterfield,Wakefield,49254.44142,di
599,49378,221862,Chesterfield,Stockport,52554.73337,di
600,49378,179357,Chesterfield,Oldham,56612.71942,di
601,49378,138041,Chesterfield,Lincoln,59000.0,di
602,49378,209419,Chesterfield,Selby,65192.02405,di
603,49378,219690,Chesterfield,Stafford,66483.08055,di
604,49378,137590,Chesterfield,Lichfield,67623.96025,di
605,49378,242053,Chesterfield,Walsall,81841.30986,di
606,49378,74312,Chesterfield,Dover,82637.76376,di
607,49378,192571,Chesterfield,Preston,84628.60037,di
608,49378,254282,Chesterfield,Wolverhampton,86821.65628,di
609,49378,76513,Chesterfield,Dudley,92660.67127,di
610,49378,83220,Chesterfield,Enfield,108784.19,di
611,49378,196678,Chesterfield,Redditch,109416.6349,di
612,49378,245046,Chesterfield,Wellingborough,115831.7746,di
613,49378,176085,Chesterfield,Northampton,119419.4289,di
614,49378,256480,Chesterfield,Worcester,127534.3091,di
615,49378,122689,Chesterfield,Horsham,131228.8078,di
616,49378,208105,Chesterfield,Scarborough,133843.1918,di
617,49378,79956,Chesterfield,Eastbourne,143223.6014,di
618,49378,228176,Chesterfield,Tewkesbury,147383.8526,di
619,49378,66992,Chesterfield,Croydon,153404.6935,di
620,49378,160377,Chesterfield,Merton,155167.6513,di
621,49378,227679,Chesterfield,Teesdale,160440.0199,di
622,49378,171685,Chesterfield,New Forest,174413.3022,di
623,49378,89835,Chesterfield,Forest of Dean,177132.7186,di
624,49378,63445,Chesterfield,Crawley,182164.7606,di
625,49378,176647,Chesterfield,Norwich,195432.8529,di
626,49378,83366,Chesterfield,Epping Forest,201853.9076,di
627,49378,242314,Chesterfield,Wandsworth,214441.1341,di
628,49378,56711,Chesterfield,Colchester,217340.7463,di
629,49378,126139,Chesterfield,Ipswich,218661.8394,di
630,49378,154505,Chesterfield,Maldon,219572.3116,di
631,49378,70691,Chesterfield,Dartford,228473.1932,di
632,49378,105298,Chesterfield,Guildford,230228.1477,di
633,49378,206406,Chesterfield,Salisbury,242192.0725,di
634,49378,252889,Chesterfield,Winchester,242206.5234,di
635,49378,103862,Chesterfield,Greenwich,243386.5239,di
636,49378,209739,Chesterfield,Sevenoaks,244237.5892,di
637,49378,153958,Chesterfield,Maidstone,256320.1124,di
638,49378,110523,Chesterfield,Havant,267046.8124,di
639,49378,110136,Chesterfield,Hastings,276539.3281,di
640,49378,137331,Chesterfield,Lewes,280588.6669,di
641,49378,84292,Chesterfield,Exeter,314892.045,di
642,56711,154505,Colchester,Maldon,23430.74903,di
643,56711,126139,Colchester,Ipswich,25495.09757,di
644,56711,83366,Colchester,Epping Forest,63071.38812,di
645,56711,70691,Colchester,Dartford,70092.79564,di
646,56711,66992,Colchester,Croydon,72111.02551,di
647,56711,153958,Colchester,Maidstone,73681.74808,di
648,56711,209739,Colchester,Sevenoaks,84314.88599,di
649,56711,176647,Colchester,Norwich,86400.23148,di
650,56711,242314,Colchester,Wandsworth,89308.45425,di
651,56711,245046,Colchester,Wellingborough,117745.4882,di
652,56711,105298,Colchester,Guildford,125602.5477,di
653,56711,137331,Colchester,Lewes,128798.2919,di
654,56711,192571,Colchester,Preston,135915.4149,di
655,56711,160377,Colchester,Merton,142225.1736,di
656,56711,110523,Colchester,Havant,174771.2791,di
657,56711,138041,Colchester,Lincoln,178101.0949,di
658,56711,252889,Colchester,Winchester,178932.9483,di
659,56711,196678,Colchester,Redditch,199471.8025,di
660,56711,155993,Colchester,Mansfield,199529.4464,di
661,56711,83220,Colchester,Enfield,200661.4064,di
662,56711,137590,Colchester,Lichfield,205912.6028,di
663,56711,206406,Colchester,Salisbury,207966.3434,di
664,56711,228176,Colchester,Tewkesbury,210116.6343,di
665,56711,242053,Colchester,Walsall,211028.4341,di
666,56711,76513,Colchester,Dudley,216011.5738,di
667,56711,256480,Colchester,Worcester,216092.5728,di
668,56711,176085,Colchester,Northampton,219672.4835,di
669,56711,254282,Colchester,Wolverhampton,220438.2,di
670,56711,63445,Colchester,Crawley,222524.156,di
671,56711,73869,Colchester,Doncaster,226920.691,di
672,56711,103862,Colchester,Greenwich,226931.7078,di
673,56711,122689,Colchester,Horsham,228254.2442,di
674,56711,202327,Colchester,Rotherham,228527.8976,di
675,56711,219690,Colchester,Stafford,229026.1994,di
676,56711,89835,Colchester,Forest of Dean,237413.142,di
677,56711,209419,Colchester,Selby,248783.038,di
678,56711,153228,Colchester,Macclesfield,255280.2382,di
679,56711,241538,Colchester,Wakefield,256087.8755,di
680,56711,221862,Colchester,Stockport,267067.4072,di
681,56711,179357,Colchester,Oldham,273660.3735,di
682,56711,171685,Colchester,New Forest,275356.133,di
683,56711,208105,Colchester,Scarborough,279973.213,di
684,56711,110136,Colchester,Hastings,289318.164,di
685,56711,74312,Colchester,Dover,296006.7567,di
686,56711,84292,Colchester,Exeter,334571.3676,di
687,56711,79956,Colchester,Eastbourne,334786.4991,di
688,56711,227679,Colchester,Teesdale,363917.5731,di
689,63445,89835,Crawley,Forest of Dean,20000.0,di
690,63445,228176,Crawley,Tewkesbury,34785.05426,di
691,63445,256480,Crawley,Worcester,56435.80424,di
692,63445,122689,Crawley,Horsham,58215.11831,di
693,63445,176085,Crawley,Northampton,66189.12297,di
694,63445,171685,Crawley,New Forest,67201.19047,di
695,63445,103862,Crawley,Greenwich,68447.05983,di
696,63445,196678,Crawley,Redditch,72801.09889,di
697,63445,83220,Crawley,Enfield,73389.37253,di
698,63445,206406,Crawley,Salisbury,77826.73063,di
699,63445,160377,Crawley,Merton,81024.6876,di
700,63445,76513,Crawley,Dudley,92227.9784,di
701,63445,110136,Crawley,Hastings,95383.43672,di
702,63445,252889,Crawley,Winchester,98994.94937,di
703,63445,254282,Crawley,Wolverhampton,99849.88733,di
704,63445,242053,Crawley,Walsall,101636.6076,di
705,63445,137590,Crawley,Lichfield,114843.3716,di
706,63445,219690,Crawley,Stafford,124787.8199,di
707,63445,245046,Crawley,Wellingborough,130172.9619,di
708,63445,105298,Crawley,Guildford,130923.6419,di
709,63445,110523,Crawley,Havant,131521.8613,di
710,63445,84292,Crawley,Exeter,137277.092,di
711,63445,242314,Crawley,Wandsworth,148946.299,di
712,63445,192571,Crawley,Preston,149966.663,di
713,63445,66992,Crawley,Croydon,160962.7286,di
714,63445,83366,Crawley,Epping Forest,164003.0488,di
715,63445,153228,Crawley,Macclesfield,174484.9564,di
716,63445,70691,Crawley,Dartford,175931.805,di
717,63445,155993,Crawley,Mansfield,178518.9066,di
718,63445,209739,Crawley,Sevenoaks,179477.018,di
719,63445,137331,Crawley,Lewes,185714.8352,di
720,63445,221862,Crawley,Stockport,191316.4917,di
721,63445,74312,Crawley,Dover,202714.0844,di
722,63445,153958,Crawley,Maidstone,202829.9781,di
723,63445,202327,Crawley,Rotherham,203651.6634,di
724,63445,179357,Crawley,Oldham,205477.4927,di
725,63445,154505,Crawley,Maldon,206155.2813,di
726,63445,138041,Crawley,Lincoln,209153.054,di
727,63445,73869,Crawley,Doncaster,217830.2091,di
728,63445,241538,Crawley,Wakefield,227741.0811,di
729,63445,126139,Crawley,Ipswich,242216.845,di
730,63445,209419,Crawley,Selby,247341.8687,di
731,63445,176647,Crawley,Norwich,268152.9414,di
732,63445,208105,Crawley,Scarborough,314874.5782,di
733,63445,79956,Crawley,Eastbourne,319263.2143,di
734,63445,227679,Crawley,Teesdale,326344.9096,di
735,66992,245046,Croydon,Wellingborough,45694.63864,di
736,66992,83366,Croydon,Epping Forest,52172.78984,di
737,66992,154505,Croydon,Maldon,67623.96025,di
738,66992,192571,Croydon,Preston,68883.9604,di
739,66992,242314,Croydon,Wandsworth,74242.84477,di
740,66992,70691,Croydon,Dartford,78847.95495,di
741,66992,160377,Croydon,Merton,80622.57748,di
742,66992,126139,Croydon,Ipswich,85146.93183,di
743,66992,209739,Croydon,Sevenoaks,96317.18434,di
744,66992,153958,Croydon,Maidstone,104216.1216,di
745,66992,105298,Croydon,Guildford,104995.238,di
746,66992,176647,Croydon,Norwich,109293.1837,di
747,66992,138041,Croydon,Lincoln,126649.1216,di
748,66992,196678,Croydon,Redditch,128269.2481,di
749,66992,83220,Croydon,Enfield,129402.4729,di
750,66992,137590,Croydon,Lichfield,134164.0786,di
751,66992,155993,Croydon,Mansfield,136484.4313,di
752,66992,242053,Croydon,Walsall,138928.0389,di
753,66992,137331,Croydon,Lewes,139359.248,di
754,66992,228176,Croydon,Tewkesbury,143013.9853,di
755,66992,76513,Croydon,Dudley,143961.8005,di
756,66992,252889,Croydon,Winchester,145907.5049,di
757,66992,256480,Croydon,Worcester,146123.2357,di
758,66992,254282,Croydon,Wolverhampton,148327.3407,di
759,66992,176085,Croydon,Northampton,148862.3525,di
760,66992,110523,Croydon,Havant,155077.4,di
761,66992,219690,Croydon,Stafford,157470.6322,di
762,66992,122689,Croydon,Horsham,158202.402,di
763,66992,206406,Croydon,Salisbury,166883.1927,di
764,66992,202327,Croydon,Rotherham,167907.7127,di
765,66992,73869,Croydon,Doncaster,169955.8766,di
766,66992,89835,Croydon,Forest of Dean,173219.5139,di
767,66992,103862,Croydon,Greenwich,181686.5433,di
768,66992,153228,Croydon,Macclesfield,187018.7156,di
769,66992,209419,Croydon,Selby,195931.1103,di
770,66992,241538,Croydon,Wakefield,197091.3494,di
771,66992,221862,Croydon,Stockport,200112.4684,di
772,66992,171685,Croydon,New Forest,207241.4051,di
773,66992,179357,Croydon,Oldham,208197.0221,di
774,66992,74312,Croydon,Dover,228043.8554,di
775,66992,110136,Croydon,Hastings,240185.3451,di
776,66992,208105,Croydon,Scarborough,240634.5777,di
777,66992,79956,Croydon,Eastbourne,283594.7813,di
778,66992,84292,Croydon,Exeter,285954.5418,di
779,66992,227679,Croydon,Teesdale,308577.3809,di
780,70691,209739,Dartford,Sevenoaks,18000.0,di
781,70691,83366,Dartford,Epping Forest,26925.82404,di
782,70691,242314,Dartford,Wandsworth,27073.97274,di
783,70691,153958,Dartford,Maidstone,30000.0,di
784,70691,154505,Dartford,Maldon,46690.47012,di
785,70691,105298,Dartford,Guildford,58180.75283,di
786,70691,137331,Dartford,Lewes,63953.10782,di
787,70691,126139,Dartford,Ipswich,95587.65611,di
788,70691,160377,Dartford,Merton,104694.7945,di
789,70691,110523,Dartford,Havant,105118.9802,di
790,70691,252889,Dartford,Winchester,112924.7537,di
791,70691,245046,Dartford,Wellingborough,113159.1799,di
792,70691,192571,Dartford,Preston,144450.6836,di
793,70691,206406,Dartford,Salisbury,144544.1109,di
794,70691,176647,Dartford,Norwich,152531.9639,di
795,70691,103862,Dartford,Greenwich,165169.6098,di
796,70691,228176,Dartford,Tewkesbury,173349.3582,di
797,70691,196678,Dartford,Redditch,175328.2636,di
798,70691,83220,Dartford,Enfield,176708.8,di
799,70691,256480,Dartford,Worcester,186045.6933,di
800,70691,176085,Dartford,Northampton,192418.814,di
801,70691,89835,Dartford,Forest of Dean,193762.7415,di
802,70691,137590,Dartford,Lichfield,195900.4849,di
803,70691,242053,Dartford,Walsall,196025.5085,di
804,70691,76513,Dartford,Dudley,197408.2065,di
805,70691,122689,Dartford,Horsham,197729.6134,di
806,70691,254282,Dartford,Wolverhampton,203828.3592,di
807,70691,138041,Dartford,Lincoln,205496.9586,di
808,70691,155993,Dartford,Mansfield,212473.5278,di
809,70691,219690,Dartford,Stafford,219317.122,di
810,70691,110136,Dartford,Hastings,228232.3378,di
811,70691,171685,Dartford,New Forest,237360.4853,di
812,70691,202327,Dartford,Rotherham,244626.2455,di
813,70691,73869,Dartford,Doncaster,247923.3753,di
814,70691,153228,Dartford,Macclesfield,256750.852,di
815,70691,221862,Dartford,Stockport,271400.0737,di
816,70691,84292,Dartford,Exeter,272325.1733,di
817,70691,241538,Dartford,Wakefield,274171.4792,di
818,70691,209419,Dartford,Selby,274521.4017,di
819,70691,179357,Dartford,Oldham,281000.0,di
820,70691,74312,Dartford,Dover,297430.6642,di
821,70691,208105,Dartford,Scarborough,318788.331,di
822,70691,79956,Dartford,Eastbourne,362167.0885,di
823,70691,227679,Dartford,Teesdale,386244.7411,di
824,73869,202327,Doncaster,Rotherham,17204.65053,di
825,73869,241538,Doncaster,Wakefield,30000.0,di
826,73869,209419,Doncaster,Selby,30265.4919,di
827,73869,155993,Doncaster,Mansfield,41194.65985,di
828,73869,138041,Doncaster,Lincoln,50606.32372,di
829,73869,179357,Doncaster,Oldham,65030.76195,di
830,73869,221862,Doncaster,Stockport,69050.70601,di
831,73869,153228,Doncaster,Macclesfield,72090.22125,di
832,73869,74312,Doncaster,Dover,96005.20819,di
833,73869,208105,Doncaster,Scarborough,97529.48272,di
834,73869,219690,Doncaster,Stafford,102303.4701,di
835,73869,137590,Doncaster,Lichfield,103754.518,di
836,73869,192571,Doncaster,Preston,104403.0651,di
837,73869,79956,Doncaster,Eastbourne,115208.5066,di
838,73869,242053,Doncaster,Walsall,118118.5845,di
839,73869,254282,Doncaster,Wolverhampton,123174.6727,di
840,73869,76513,Doncaster,Dudley,128996.124,di
841,73869,227679,Doncaster,Teesdale,138654.2462,di
842,73869,245046,Doncaster,Wellingborough,138740.7655,di
843,73869,83220,Doncaster,Enfield,144471.4505,di
844,73869,196678,Doncaster,Redditch,145031.0312,di
845,73869,176085,Doncaster,Northampton,155708.0602,di
846,73869,256480,Doncaster,Worcester,163685.6744,di
847,73869,122689,Doncaster,Horsham,167573.8643,di
848,73869,228176,Doncaster,Tewkesbury,183095.6034,di
849,73869,160377,Doncaster,Merton,185000.0,di
850,73869,176647,Doncaster,Norwich,190766.8734,di
851,73869,171685,Doncaster,New Forest,210375.8541,di
852,73869,89835,Doncaster,Forest of Dean,213321.3538,di
853,73869,83366,Doncaster,Epping Forest,221000.0,di
854,73869,126139,Doncaster,Ipswich,224153.9649,di
855,73869,154505,Doncaster,Maldon,232710.1201,di
856,73869,242314,Doncaster,Wandsworth,236966.2423,di
857,73869,105298,Doncaster,Guildford,256462.4729,di
858,73869,209739,Doncaster,Sevenoaks,264639.3773,di
859,73869,252889,Doncaster,Winchester,273148.3114,di
860,73869,153958,Doncaster,Maidstone,274171.4792,di
861,73869,206406,Doncaster,Salisbury,275377.9221,di
862,73869,103862,Doncaster,Greenwich,277713.8815,di
863,73869,110523,Doncaster,Havant,296330.8961,di
864,73869,137331,Doncaster,Lewes,303842.0642,di
865,73869,110136,Doncaster,Hastings,312525.199,di
866,73869,84292,Doncaster,Exeter,351176.5938,di
867,74312,221862,Dover,Stockport,30083.21791,di
868,74312,179357,Dover,Oldham,31144.823,di
869,74312,153228,Dover,Macclesfield,41036.56906,di
870,74312,241538,Dover,Wakefield,74464.75676,di
871,74312,202327,Dover,Rotherham,82492.42389,di
872,74312,219690,Dover,Stafford,83934.49827,di
873,74312,155993,Dover,Mansfield,100319.4896,di
874,74312,209419,Dover,Selby,104694.7945,di
875,74312,137590,Dover,Lichfield,104709.1209,di
876,74312,254282,Dover,Wolverhampton,107280.0075,di
877,74312,242053,Dover,Walsall,110494.3437,di
878,74312,76513,Dover,Dudley,115520.5609,di
879,74312,227679,Dover,Teesdale,128062.4847,di
880,74312,79956,Dover,Eastbourne,132400.9063,di
881,74312,176085,Dover,Northampton,137767.9208,di
882,74312,138041,Dover,Lincoln,139269.5229,di
883,74312,83220,Dover,Enfield,139474.0119,di
884,74312,196678,Dover,Redditch,140730.2384,di
885,74312,122689,Dover,Horsham,144499.1349,di
886,74312,256480,Dover,Worcester,147959.4539,di
887,74312,192571,Dover,Preston,160240.4443,di
888,74312,171685,Dover,New Forest,166171.5981,di
889,74312,208105,Dover,Scarborough,166532.2792,di
890,74312,228176,Dover,Tewkesbury,171303.8237,di
891,74312,245046,Dover,Wellingborough,185310.5502,di
892,74312,89835,Dover,Forest of Dean,190002.6316,di
893,74312,160377,Dover,Merton,207537.9483,di
894,74312,103862,Dover,Greenwich,270780.3538,di
895,74312,83366,Dover,Epping Forest,271974.2635,di
896,74312,206406,Dover,Salisbury,276134.0254,di
897,74312,176647,Dover,Norwich,278016.1866,di
898,74312,242314,Dover,Wandsworth,279234.6683,di
899,74312,252889,Dover,Winchester,285574.8588,di
900,74312,110136,Dover,Hastings,286574.5976,di
901,74312,105298,Dover,Guildford,287311.6775,di
902,74312,154505,Dover,Maldon,295575.7094,di
903,74312,126139,Dover,Ipswich,299456.1738,di
904,74312,209739,Dover,Sevenoaks,311443.4138,di
905,74312,110523,Dover,Havant,314841.2298,di
906,74312,84292,Dover,Exeter,316610.1704,di
907,74312,153958,Dover,Maidstone,326712.4118,di
908,74312,137331,Dover,Lewes,342171.0099,di
909,76513,254282,Dudley,Wolverhampton,8246.211251,ov
910,76513,242053,Dudley,Walsall,11313.7085,di
911,76513,83220,Dudley,Enfield,24166.09195,di
912,76513,196678,Dudley,Redditch,25495.09757,di
913,76513,137590,Dudley,Lichfield,26172.50466,di
914,76513,176085,Dudley,Northampton,26925.82404,di
915,76513,219690,Dudley,Stafford,33015.14804,di
916,76513,256480,Dudley,Worcester,35902.64614,di
917,76513,122689,Dudley,Horsham,38587.56276,di
918,76513,228176,Dudley,Tewkesbury,58137.76741,di
919,76513,153228,Dudley,Macclesfield,83024.09289,di
920,76513,89835,Dudley,Forest of Dean,84864.59804,di
921,76513,171685,Dudley,New Forest,85802.09788,di
922,76513,155993,Dudley,Mansfield,92956.9793,di
923,76513,192571,Dudley,Preston,94762.86192,di
924,76513,160377,Dudley,Merton,97082.43919,di
925,76513,245046,Dudley,Wellingborough,98716.76656,di
926,76513,221862,Dudley,Stockport,100079.968,di
927,76513,202327,Dudley,Rotherham,113595.7746,di
928,76513,179357,Dudley,Oldham,114004.3859,di
929,76513,138041,Dudley,Lincoln,131821.8495,di
930,76513,241538,Dudley,Wakefield,136014.7051,di
931,76513,209419,Dudley,Selby,157442.0528,di
932,76513,103862,Dudley,Greenwich,158003.1645,di
933,76513,206406,Dudley,Salisbury,161372.2405,di
934,76513,252889,Dudley,Winchester,170135.2403,di
935,76513,242314,Dudley,Wandsworth,175068.558,di
936,76513,83366,Dudley,Epping Forest,175114.2484,di
937,76513,105298,Dudley,Guildford,176400.1134,di
938,76513,110136,Dudley,Hastings,184715.9982,di
939,76513,110523,Dudley,Havant,199849.9437,di
940,76513,154505,Dudley,Maldon,208254.6518,di
941,76513,209739,Dudley,Sevenoaks,208580.9195,di
942,76513,84292,Dudley,Exeter,222272.3555,di
943,76513,208105,Dudley,Scarborough,226503.8631,di
944,76513,79956,Dudley,Eastbourne,227035.2396,di
945,76513,153958,Dudley,Maidstone,227407.1239,di
946,76513,126139,Dudley,Ipswich,227694.9714,di
947,76513,176647,Dudley,Norwich,230703.2726,di
948,76513,137331,Dudley,Lewes,233032.1866,di
949,76513,227679,Dudley,Teesdale,235000.0,di
950,79956,227679,Eastbourne,Teesdale,38600.51813,di
951,79956,208105,Eastbourne,Scarborough,77491.93506,di
952,79956,209419,Eastbourne,Selby,87664.13178,di
953,79956,241538,Eastbourne,Wakefield,94047.86016,di
954,79956,179357,Eastbourne,Oldham,116378.6922,di
955,79956,202327,Eastbourne,Rotherham,122690.6679,di
956,79956,221862,Eastbourne,Stockport,130602.4502,di
957,79956,153228,Eastbourne,Macclesfield,146294.2241,di
958,79956,155993,Eastbourne,Mansfield,154719.1003,di
959,79956,138041,Eastbourne,Lincoln,157917.7001,di
960,79956,219690,Eastbourne,Stafford,194743.4209,di
961,79956,137590,Eastbourne,Lichfield,205878.605,di
962,79956,242053,Eastbourne,Walsall,217938.0646,di
963,79956,254282,Eastbourne,Wolverhampton,219492.5967,di
964,79956,192571,Eastbourne,Preston,219529.0414,di
965,79956,83220,Eastbourne,Enfield,247477.2717,di
966,79956,196678,Eastbourne,Redditch,248364.6513,di
967,79956,176085,Eastbourne,Northampton,253396.9218,di
968,79956,245046,Eastbourne,Wellingborough,253948.8137,di
969,79956,256480,Eastbourne,Worcester,262880.2009,di
970,79956,122689,Eastbourne,Horsham,263245.1329,di
971,79956,176647,Eastbourne,Norwich,282285.3167,di
972,79956,228176,Eastbourne,Tewkesbury,284964.9101,di
973,79956,171685,Eastbourne,New Forest,294721.9028,di
974,79956,160377,Eastbourne,Merton,298224.7475,di
975,79956,89835,Eastbourne,Forest of Dean,310536.6323,di
976,79956,126139,Eastbourne,Ipswich,327865.8262,di
977,79956,83366,Eastbourne,Epping Forest,335261.0923,di
978,79956,154505,Eastbourne,Maldon,343460.3325,di
979,79956,242314,Eastbourne,Wandsworth,352059.654,di
980,79956,105298,Eastbourne,Guildford,371464.6686,di
981,79956,209739,Eastbourne,Sevenoaks,379163.5531,di
982,79956,103862,Eastbourne,Greenwich,383885.3996,di
983,79956,206406,Eastbourne,Salisbury,384333.1888,di
984,79956,252889,Eastbourne,Winchester,385420.5495,di
985,79956,153958,Eastbourne,Maidstone,387552.5771,di
986,79956,110523,Eastbourne,Havant,410054.8744,di
987,79956,110136,Eastbourne,Hastings,410128.0288,ov
988,79956,137331,Eastbourne,Lewes,418971.3594,di
989,79956,84292,Eastbourne,Exeter,443990.9909,di
990,83220,196678,Enfield,Redditch,1414.213562,di
991,83220,176085,Enfield,Northampton,20223.74842,di
992,83220,256480,Enfield,Worcester,22203.60331,di
993,83220,242053,Enfield,Walsall,30066.59276,di
994,83220,122689,Enfield,Horsham,31953.09062,di
995,83220,254282,Enfield,Wolverhampton,32310.98884,di
996,83220,228176,Enfield,Tewkesbury,38626.41583,di
997,83220,137590,Enfield,Lichfield,41773.19715,di
998,83220,219690,Enfield,Stafford,56089.21465,di
999,83220,89835,Enfield,Forest of Dean,70213.95873,di
1000,83220,160377,Enfield,Merton,74276.51042,di
1001,83220,171685,Enfield,New Forest,84154.6196,di
1002,83220,245046,Enfield,Wellingborough,86005.81376,di
1003,83220,192571,Enfield,Preston,90620.08607,di
1004,83220,155993,Enfield,Mansfield,105588.8252,di
1005,83220,153228,Enfield,Macclesfield,105683.4897,di
1006,83220,221862,Enfield,Stockport,122800.6515,di
1007,83220,202327,Enfield,Rotherham,130291.9798,di
1008,83220,103862,Enfield,Greenwich,136444.1278,di
1009,83220,179357,Enfield,Oldham,136444.1278,di
1010,83220,206406,Enfield,Salisbury,138437.7116,di
1011,83220,138041,Enfield,Lincoln,139445.3298,di
1012,83220,252889,Enfield,Winchester,146102.7036,di
1013,83220,105298,Enfield,Guildford,152895.3891,di
1014,83220,242314,Enfield,Wandsworth,153404.6935,di
1015,83220,241538,Enfield,Wakefield,154932.2433,di
1016,83220,83366,Enfield,Epping Forest,155630.9738,di
1017,83220,110136,Enfield,Hastings,168190.3683,di
1018,83220,209419,Enfield,Selby,173954.0169,di
1019,83220,110523,Enfield,Havant,175692.9139,di
1020,83220,209739,Enfield,Sevenoaks,187002.6738,di
1021,83220,154505,Enfield,Maldon,191002.6178,di
1022,83220,153958,Enfield,Maidstone,206634.9438,di
1023,83220,84292,Enfield,Exeter,208079.3118,di
1024,83220,137331,Enfield,Lewes,209780.838,di
1025,83220,126139,Enfield,Ipswich,214347.8481,di
1026,83220,176647,Enfield,Norwich,223606.7977,di
1027,83220,208105,Enfield,Scarborough,241660.9195,di
1028,83220,227679,Enfield,Teesdale,257194.4789,di
1029,83366,242314,Epping Forest,Wandsworth,28600.69929,di
1030,83366,154505,Epping Forest,Maldon,42953.46319,di
1031,83366,209739,Epping Forest,Sevenoaks,44147.48011,di
1032,83366,153958,Epping Forest,Maidstone,54817.88029,di
1033,83366,105298,Epping Forest,Guildford,65192.02405,di
1034,83366,245046,Epping Forest,Wellingborough,87005.74694,di
1035,83366,160377,Epping Forest,Merton,87097.64635,di
1036,83366,126139,Epping Forest,Ipswich,87132.08364,di
1037,83366,137331,Epping Forest,Lewes,88005.68163,di
1038,83366,110523,Epping Forest,Havant,116211.015,di
1039,83366,252889,Epping Forest,Winchester,116606.1748,di
1040,83366,192571,Epping Forest,Preston,117647.7794,di
1041,83366,176647,Epping Forest,Norwich,136605.2708,di
1042,83366,206406,Epping Forest,Salisbury,144941.3675,di
1043,83366,196678,Epping Forest,Redditch,154288.6904,di
1044,83366,228176,Epping Forest,Tewkesbury,156732.2558,di
1045,83366,103862,Epping Forest,Greenwich,163878.0034,di
1046,83366,256480,Epping Forest,Worcester,167026.9439,di
1047,83366,137590,Epping Forest,Lichfield,171703.2324,di
1048,83366,176085,Epping Forest,Northampton,172539.8505,di
1049,83366,242053,Epping Forest,Walsall,172861.216,di
1050,83366,138041,Epping Forest,Lincoln,178756.8181,di
1051,83366,122689,Epping Forest,Horsham,179002.7933,di
1052,83366,89835,Epping Forest,Forest of Dean,180468.8339,di
1053,83366,254282,Epping Forest,Wolverhampton,181110.4635,di
1054,83366,155993,Epping Forest,Mansfield,185714.8352,di
1055,83366,219690,Epping Forest,Stafford,195256.2419,di
1056,83366,202327,Epping Forest,Rotherham,217800.3673,di
1057,83366,171685,Epping Forest,New Forest,221822.0007,di
1058,83366,110136,Epping Forest,Hastings,226373.585,di
1059,83366,153228,Epping Forest,Macclesfield,231140.6498,di
1060,83366,221862,Epping Forest,Stockport,245505.6008,di
1061,83366,241538,Epping Forest,Wakefield,247315.5879,di
1062,83366,209419,Epping Forest,Selby,247622.6969,di
1063,83366,179357,Epping Forest,Oldham,254825.4304,di
1064,83366,84292,Epping Forest,Exeter,271543.735,di
1065,83366,208105,Epping Forest,Scarborough,292610.6628,di
1066,83366,227679,Epping Forest,Teesdale,359346.6293,di
1067,84292,110136,Exeter,Hastings,45793.01257,di
1068,84292,103862,Exeter,Greenwich,107703.2961,di
1069,84292,206406,Exeter,Salisbury,127781.0628,di
1070,84292,89835,Exeter,Forest of Dean,138061.5805,di
1071,84292,171685,Exeter,New Forest,150442.6801,di
1072,84292,252889,Exeter,Winchester,160327.7892,di
1073,84292,228176,Exeter,Tewkesbury,170320.2865,di
1074,84292,110523,Exeter,Havant,179546.6513,di
1075,84292,122689,Exeter,Horsham,183809.6842,di
1076,84292,256480,Exeter,Worcester,187664.5944,di
1077,84292,176085,Exeter,Northampton,195473.7834,di
1078,84292,160377,Exeter,Merton,207002.4154,di
1079,84292,196678,Exeter,Redditch,207771.5091,di
1080,84292,105298,Exeter,Guildford,214704.448,di
1081,84292,254282,Exeter,Wolverhampton,228554.1511,di
1082,84292,242053,Exeter,Walsall,233060.0781,di
1083,84292,242314,Exeter,Wandsworth,247341.8687,di
1084,84292,137590,Exeter,Lichfield,247487.3734,di
1085,84292,137331,Exeter,Lewes,249649.7547,di
1086,84292,219690,Exeter,Stafford,251716.1099,di
1087,84292,245046,Exeter,Wellingborough,263503.3207,di
1088,84292,209739,Exeter,Sevenoaks,267523.8307,di
1089,84292,192571,Exeter,Preston,286574.5976,di
1090,84292,153958,Exeter,Maidstone,290903.7642,di
1091,84292,153228,Exeter,Macclesfield,297929.5219,di
1092,84292,221862,Exeter,Stockport,313389.534,di
1093,84292,155993,Exeter,Mansfield,313499.6013,di
1094,84292,154505,Exeter,Maldon,313829.5716,di
1095,84292,179357,Exeter,Oldham,327633.9421,di
1096,84292,202327,Exeter,Rotherham,335858.6012,di
1097,84292,138041,Exeter,Lincoln,346216.6951,di
1098,84292,241538,Exeter,Wakefield,357022.4083,di
1099,84292,126139,Exeter,Ipswich,357882.6623,di
1100,84292,209419,Exeter,Selby,379685.3961,di
1101,84292,176647,Exeter,Norwich,395242.9633,di
1102,84292,227679,Exeter,Teesdale,444623.4362,di
1103,84292,208105,Exeter,Scarborough,448705.9171,di
1104,89835,228176,Forest of Dean,Tewkesbury,34205.26275,di
1105,89835,171685,Forest of Dean,New Forest,47201.69488,di
1106,89835,122689,Forest of Dean,Horsham,47296.93436,di
1107,89835,256480,Forest of Dean,Worcester,49648.76635,di
1108,89835,176085,Forest of Dean,Northampton,57939.62375,di
1109,89835,196678,Forest of Dean,Redditch,70000.0,di
1110,89835,103862,Forest of Dean,Greenwich,84504.43775,di
1111,89835,254282,Forest of Dean,Wolverhampton,91706.05214,di
1112,89835,160377,Forest of Dean,Merton,95189.28511,di
1113,89835,242053,Forest of Dean,Walsall,95341.49149,di
1114,89835,206406,Forest of Dean,Salisbury,96254.87001,di
1115,89835,110136,Forest of Dean,Hastings,99929.97548,di
1116,89835,137590,Forest of Dean,Lichfield,109567.3309,di
1117,89835,219690,Forest of Dean,Stafford,115948.2643,di
1118,89835,252889,Forest of Dean,Winchester,118827.6062,di
1119,89835,245046,Forest of Dean,Wellingborough,138798.415,di
1120,89835,105298,Forest of Dean,Guildford,150376.1949,di
1121,89835,110523,Forest of Dean,Havant,151347.2828,di
1122,89835,192571,Forest of Dean,Preston,154615.6525,di
1123,89835,153228,Forest of Dean,Macclesfield,164575.2108,di
1124,89835,242314,Forest of Dean,Wandsworth,166928.1282,di
1125,89835,155993,Forest of Dean,Mansfield,175445.1481,di
1126,89835,221862,Forest of Dean,Stockport,181024.8602,di
1127,89835,179357,Forest of Dean,Oldham,195317.6899,di
1128,89835,209739,Forest of Dean,Sevenoaks,198080.7916,di
1129,89835,202327,Forest of Dean,Rotherham,198297.7559,di
1130,89835,137331,Forest of Dean,Lewes,205528.5868,di
1131,89835,138041,Forest of Dean,Lincoln,209344.2142,di
1132,89835,241538,Forest of Dean,Wakefield,220730.605,di
1133,89835,153958,Forest of Dean,Maidstone,221205.7865,di
1134,89835,154505,Forest of Dean,Maldon,222036.0331,di
1135,89835,209419,Forest of Dean,Selby,242161.1034,di
1136,89835,126139,Forest of Dean,Ipswich,256134.7302,di
1137,89835,176647,Forest of Dean,Norwich,278442.0945,di
1138,89835,208105,Forest of Dean,Scarborough,310821.4922,di
1139,89835,227679,Forest of Dean,Teesdale,315526.544,di
1140,103862,206406,Greenwich,Salisbury,22090.72203,di
1141,103862,252889,Greenwich,Winchester,56080.29957,di
1142,103862,110136,Greenwich,Hastings,63063.4601,di
1143,103862,110523,Greenwich,Havant,83168.50365,di
1144,103862,228176,Greenwich,Tewkesbury,100044.9899,di
1145,103862,160377,Greenwich,Merton,107004.6728,di
1146,103862,105298,Greenwich,Guildford,108342.0509,di
1147,103862,256480,Greenwich,Worcester,123199.026,di
1148,103862,122689,Greenwich,Horsham,126435.7544,di
1149,103862,171685,Greenwich,New Forest,126779.3359,di
1150,103862,176085,Greenwich,Northampton,133304.1635,di
1151,103862,196678,Greenwich,Redditch,135532.284,di
1152,103862,242314,Greenwich,Wandsworth,139778.396,di
1153,103862,137331,Greenwich,Lewes,150615.4043,di
1154,103862,209739,Greenwich,Sevenoaks,161644.672,di
1155,103862,254282,Greenwich,Wolverhampton,166003.012,di
1156,103862,245046,Greenwich,Wellingborough,166234.7737,di
1157,103862,242053,Greenwich,Walsall,166243.7969,di
1158,103862,137590,Greenwich,Lichfield,178016.8531,di
1159,103862,153958,Greenwich,Maidstone,185431.9282,di
1160,103862,219690,Greenwich,Stafford,191000.0,di
1161,103862,192571,Greenwich,Preston,194743.4209,di
1162,103862,154505,Greenwich,Maldon,206128.6006,di
1163,103862,155993,Greenwich,Mansfield,236985.2316,di
1164,103862,153228,Greenwich,Macclesfield,241002.0747,di
1165,103862,126139,Greenwich,Ipswich,250439.6135,di
1166,103862,221862,Greenwich,Stockport,258017.4413,di
1167,103862,138041,Greenwich,Lincoln,261047.8883,di
1168,103862,202327,Greenwich,Rotherham,264954.7131,di
1169,103862,179357,Greenwich,Oldham,272000.0,di
1170,103862,176647,Greenwich,Norwich,290408.3332,di
1171,103862,241538,Greenwich,Wakefield,290903.7642,di
1172,103862,209419,Greenwich,Selby,307832.7468,di
1173,103862,208105,Greenwich,Scarborough,372903.4728,di
1174,103862,227679,Greenwich,Teesdale,393001.2723,di
1175,105298,242314,Guildford,Wandsworth,36769.55262,di
1176,105298,110523,Guildford,Havant,51312.76644,di
1177,105298,209739,Guildford,Sevenoaks,53338.54141,di
1178,105298,252889,Guildford,Winchester,54781.3837,di
1179,105298,137331,Guildford,Lewes,57314.91952,di
1180,105298,153958,Guildford,Maidstone,77233.41246,di
1181,105298,160377,Guildford,Merton,79924.96481,di
1182,105298,206406,Guildford,Salisbury,87097.64635,di
1183,105298,154505,Guildford,Maldon,102902.8668,di
1184,105298,245046,Guildford,Wellingborough,118422.9707,di
1185,105298,228176,Guildford,Tewkesbury,137800.5806,di
1186,105298,126139,Guildford,Ipswich,150711.6452,di
1187,105298,196678,Guildford,Redditch,151489.2735,di
1188,105298,192571,Guildford,Preston,153469.8667,di
1189,105298,256480,Guildford,Worcester,155666.3098,di
1190,105298,176085,Guildford,Northampton,164048.7732,di
1191,105298,122689,Guildford,Horsham,165951.8002,di
1192,105298,110136,Guildford,Hastings,171210.3969,di
1193,105298,242053,Guildford,Walsall,178339.5638,di
1194,105298,137590,Guildford,Lichfield,182603.3954,di
1195,105298,254282,Guildford,Wolverhampton,184024.4549,di
1196,105298,171685,Guildford,New Forest,196786.6865,di
1197,105298,176647,Guildford,Norwich,201635.8103,di
1198,105298,219690,Guildford,Stafford,204266.9822,di
1199,105298,155993,Guildford,Mansfield,216933.1694,di
1200,105298,138041,Guildford,Lincoln,222009.0088,di
1201,105298,153228,Guildford,Macclesfield,248676.4967,di
1202,105298,202327,Guildford,Rotherham,249369.2042,di
1203,105298,221862,Guildford,Stockport,264916.9681,di
1204,105298,179357,Guildford,Oldham,276539.3281,di
1205,105298,241538,Guildford,Wakefield,278921.1358,di
1206,105298,209419,Guildford,Selby,285539.8396,di
1207,105298,208105,Guildford,Scarborough,339023.598,di
1208,105298,227679,Guildford,Teesdale,390655.8588,di
1209,110136,206406,Hastings,Salisbury,84172.44205,di
1210,110136,252889,Hastings,Winchester,117720.0068,di
1211,110136,171685,Hastings,New Forest,123199.026,di
1212,110136,228176,Hastings,Tewkesbury,129691.9427,di
1213,110136,110523,Hastings,Havant,140356.6885,di
1214,110136,122689,Hastings,Horsham,147122.398,di
1215,110136,256480,Hastings,Worcester,149120.7564,di
1216,110136,176085,Hastings,Northampton,157813.1807,di
1217,110136,160377,Hastings,Merton,161483.7453,di
1218,110136,196678,Hastings,Redditch,167720.0048,di
1219,110136,254282,Hastings,Wolverhampton,191635.0699,di
1220,110136,242053,Hastings,Walsall,194997.4359,di
1221,110136,242314,Hastings,Wandsworth,202773.2724,di
1222,110136,137590,Hastings,Lichfield,208923.431,di
1223,110136,137331,Hastings,Lewes,210085.6968,di
1224,110136,219690,Hastings,Stafford,215800.8341,di
1225,110136,245046,Hastings,Wellingborough,218552.0533,di
1226,110136,209739,Hastings,Sevenoaks,224414.7945,di
1227,110136,192571,Hastings,Preston,242759.1399,di
1228,110136,153958,Hastings,Maidstone,248084.663,di
1229,110136,153228,Hastings,Macclesfield,263910.9698,di
1230,110136,154505,Hastings,Maldon,268867.9974,di
1231,110136,155993,Hastings,Mansfield,273695.0858,di
1232,110136,221862,Hastings,Stockport,280071.4195,di
1233,110136,179357,Hastings,Oldham,294389.1982,di
1234,110136,202327,Hastings,Rotherham,297859.0271,di
1235,110136,138041,Hastings,Lincoln,304271.2606,di
1236,110136,126139,Hastings,Ipswich,312424.3909,di
1237,110136,241538,Hastings,Wakefield,320655.5785,di
1238,110136,209419,Hastings,Selby,341695.7711,di
1239,110136,176647,Hastings,Norwich,349468.1674,di
1240,110136,208105,Hastings,Scarborough,409838.9928,di
1241,110136,227679,Hastings,Teesdale,413672.5758,di
1242,110523,252889,Havant,Winchester,32526.91193,di
1243,110523,206406,Havant,Salisbury,61846.58438,di
1244,110523,137331,Havant,Lewes,70114.19257,di
1245,110523,242314,Havant,Wandsworth,87618.4912,di
1246,110523,209739,Havant,Sevenoaks,94667.84037,di
1247,110523,160377,Havant,Merton,111879.3994,di
1248,110523,153958,Havant,Maidstone,115870.6175,di
1249,110523,228176,Havant,Tewkesbury,150332.9638,di
1250,110523,154505,Havant,Maldon,151558.5695,di
1251,110523,245046,Havant,Wellingborough,162003.0864,di
1252,110523,256480,Havant,Worcester,172037.7865,di
1253,110523,196678,Havant,Redditch,174384.6324,di
1254,110523,122689,Havant,Horsham,180013.8884,di
1255,110523,176085,Havant,Northampton,181727.8185,di
1256,110523,192571,Havant,Preston,196651.9769,di
1257,110523,171685,Havant,New Forest,198237.2316,di
1258,110523,126139,Havant,Ipswich,200172.4257,di
1259,110523,242053,Havant,Walsall,204362.4232,di
1260,110523,254282,Havant,Wolverhampton,208000.0,di
1261,110523,137590,Havant,Lichfield,211681.3643,di
1262,110523,219690,Havant,Stafford,230932.8907,di
1263,110523,176647,Havant,Norwich,252800.3165,di
1264,110523,155993,Havant,Mansfield,255634.5047,di
1265,110523,138041,Havant,Lincoln,266272.4169,di
1266,110523,153228,Havant,Macclesfield,278727.4655,di
1267,110523,202327,Havant,Rotherham,287367.3607,di
1268,110523,221862,Havant,Stockport,295601.0825,di
1269,110523,179357,Havant,Oldham,308293.6911,di
1270,110523,241538,Havant,Wakefield,316291.0052,di
1271,110523,209419,Havant,Selby,326153.3382,di
1272,110523,208105,Havant,Scarborough,383337.971,di
1273,110523,227679,Havant,Teesdale,426198.3106,di
1274,122689,256480,Horsham,Worcester,12165.52506,di
1275,122689,176085,Horsham,Northampton,12806.24847,di
1276,122689,228176,Horsham,Tewkesbury,29681.64416,di
1277,122689,196678,Horsham,Redditch,32572.99495,di
1278,122689,254282,Horsham,Wolverhampton,44777.22635,di
1279,122689,242053,Horsham,Walsall,49648.76635,di
1280,122689,171685,Horsham,New Forest,52201.53254,di
1281,122689,137590,Horsham,Lichfield,64404.96875,di
1282,122689,219690,Horsham,Stafford,68680.41933,di
1283,122689,160377,Horsham,Merton,93037.6268,di
1284,122689,245046,Horsham,Wellingborough,116430.2366,di
1285,122689,153228,Horsham,Macclesfield,117388.2447,di
1286,122689,192571,Horsham,Preston,122560.1893,di
1287,122689,155993,Horsham,Mansfield,131209.7557,di
1288,122689,206406,Horsham,Salisbury,133454.112,di
1289,122689,221862,Horsham,Stockport,133958.9489,di
1290,122689,179357,Horsham,Oldham,148222.8053,di
1291,122689,252889,Horsham,Winchester,148354.3056,di
1292,122689,202327,Horsham,Rotherham,152069.0633,di
1293,122689,138041,Horsham,Lincoln,168439.9003,di
1294,122689,242314,Horsham,Wandsworth,172707.8458,di
1295,122689,241538,Horsham,Wakefield,173692.2566,di
1296,122689,209419,Horsham,Selby,195880.0653,di
1297,122689,209739,Horsham,Sevenoaks,206021.8435,di
1298,122689,154505,Horsham,Maldon,216843.2614,di
1299,122689,137331,Horsham,Lewes,223233.0621,di
1300,122689,153958,Horsham,Maidstone,227184.9467,di
1301,122689,126139,Horsham,Ipswich,243347.4882,di
1302,122689,176647,Horsham,Norwich,255148.9761,di
1303,122689,208105,Horsham,Scarborough,265067.9158,di
1304,122689,227679,Horsham,Teesdale,268745.2325,di
1305,126139,154505,Ipswich,Maldon,48918.29923,di
1306,126139,176647,Ipswich,Norwich,64381.67441,di
1307,126139,153958,Ipswich,Maidstone,97575.61171,di
1308,126139,209739,Ipswich,Sevenoaks,109622.0781,di
1309,126139,242314,Ipswich,Wandsworth,114201.5762,di
1310,126139,245046,Ipswich,Wellingborough,129065.8747,di
1311,126139,192571,Ipswich,Preston,141439.0328,di
1312,126139,137331,Ipswich,Lewes,153561.0628,di
1313,126139,160377,Ipswich,Merton,161276.1607,di
1314,126139,138041,Ipswich,Lincoln,174040.2252,di
1315,126139,155993,Ipswich,Mansfield,200643.9633,di
1316,126139,252889,Ipswich,Winchester,203590.2748,di
1317,126139,196678,Ipswich,Redditch,213243.9917,di
1318,126139,137590,Ipswich,Lichfield,215058.1317,di
1319,126139,242053,Ipswich,Walsall,221677.694,di
1320,126139,228176,Ipswich,Tewkesbury,227316.9593,di
1321,126139,202327,Ipswich,Rotherham,227668.6188,di
1322,126139,256480,Ipswich,Worcester,231261.7565,di
1323,126139,254282,Ipswich,Wolverhampton,231389.2824,di
1324,126139,206406,Ipswich,Salisbury,231948.2701,di
1325,126139,176085,Ipswich,Northampton,233944.4378,di
1326,126139,219690,Ipswich,Stafford,237522.6305,di
1327,126139,209419,Ipswich,Selby,243657.5466,di
1328,126139,241538,Ipswich,Wakefield,253899.5865,di
1329,126139,153228,Ipswich,Macclesfield,259356.897,di
1330,126139,208105,Ipswich,Scarborough,268895.8906,di
1331,126139,221862,Ipswich,Stockport,269898.1289,di
1332,126139,179357,Ipswich,Oldham,275274.4085,di
1333,126139,171685,Ipswich,New Forest,292042.8051,di
1334,126139,227679,Ipswich,Teesdale,358733.8847,di
1335,137331,209739,Lewes,Sevenoaks,46324.93929,di
1336,137331,153958,Lewes,Maidstone,57008.77125,di
1337,137331,242314,Lewes,Wandsworth,66940.27188,di
1338,137331,252889,Lewes,Winchester,94921.0198,di
1339,137331,154505,Lewes,Maldon,106103.7228,di
1340,137331,206406,Lewes,Salisbury,128565.1586,di
1341,137331,160377,Lewes,Merton,136033.0842,di
1342,137331,245046,Lewes,Wellingborough,165387.4239,di
1343,137331,228176,Lewes,Tewkesbury,194905.1051,di
1344,137331,192571,Lewes,Preston,199449.2417,di
1345,137331,196678,Lewes,Redditch,208369.8635,di
1346,137331,256480,Lewes,Worcester,212981.2198,di
1347,137331,176647,Lewes,Norwich,214308.1893,di
1348,137331,176085,Lewes,Northampton,221334.5883,di
1349,137331,242053,Lewes,Walsall,234401.3652,di
1350,137331,137590,Lewes,Lichfield,237699.39,di
1351,137331,254282,Lewes,Wolverhampton,240507.7961,di
1352,137331,171685,Lewes,New Forest,252448.0145,di
1353,137331,219690,Lewes,Stafford,259942.3013,di
1354,137331,138041,Lewes,Lincoln,264682.8291,di
1355,137331,155993,Lewes,Mansfield,265979.3225,di
1356,137331,202327,Lewes,Rotherham,298543.1292,di
1357,137331,153228,Lewes,Macclesfield,302768.8888,di
1358,137331,221862,Lewes,Stockport,318596.924,di
1359,137331,241538,Lewes,Wakefield,328274.2756,di
1360,137331,179357,Lewes,Oldham,329601.2743,di
1361,137331,209419,Lewes,Selby,331789.0896,di
1362,137331,208105,Lewes,Scarborough,379905.2513,di
1363,137331,227679,Lewes,Teesdale,440600.7263,di
1364,137590,242053,Lichfield,Walsall,14866.06875,di
1365,137590,254282,Lichfield,Wolverhampton,22825.42442,di
1366,137590,219690,Lichfield,Stafford,23600.84744,di
1367,137590,196678,Lichfield,Redditch,42579.33771,di
1368,137590,176085,Lichfield,Northampton,52153.61924,di
1369,137590,256480,Lichfield,Worcester,59933.29626,di
1370,137590,155993,Lichfield,Mansfield,66843.09987,di
1371,137590,153228,Lichfield,Macclesfield,67052.21846,di
1372,137590,192571,Lichfield,Preston,76321.68761,di
1373,137590,228176,Lichfield,Tewkesbury,80081.20878,di
1374,137590,221862,Lichfield,Stockport,83934.49827,di
1375,137590,245046,Lichfield,Wellingborough,88588.93836,di
1376,137590,202327,Lichfield,Rotherham,88955.04483,di
1377,137590,179357,Lichfield,Oldham,96881.37076,di
1378,137590,160377,Lichfield,Merton,102859.127,di
1379,137590,138041,Lichfield,Lincoln,106018.8662,di
1380,137590,171685,Lichfield,New Forest,111664.6766,di
1381,137590,241538,Lichfield,Wakefield,113159.1799,di
1382,137590,209419,Lichfield,Selby,132774.2445,di
1383,137590,242314,Lichfield,Wandsworth,175931.805,di
1384,137590,206406,Lichfield,Salisbury,179025.1379,di
1385,137590,252889,Lichfield,Winchester,183763.4349,di
1386,137590,154505,Lichfield,Maldon,200830.7745,di
1387,137590,208105,Lichfield,Scarborough,201258.5402,di
1388,137590,209739,Lichfield,Sevenoaks,208798.9464,di
1389,137590,176647,Lichfield,Norwich,212002.3585,di
1390,137590,227679,Lichfield,Teesdale,216748.7024,di
1391,137590,153958,Lichfield,Maidstone,225701.1298,di
1392,138041,155993,Lincoln,Mansfield,45122.05669,di
1393,138041,202327,Lincoln,Rotherham,57939.62375,di
1394,138041,192571,Lincoln,Preston,69720.87205,di
1395,138041,209419,Lincoln,Selby,70830.78427,di
1396,138041,241538,Lincoln,Wakefield,80603.97013,di
1397,138041,245046,Lincoln,Wellingborough,104307.2385,di
1398,138041,153228,Lincoln,Macclesfield,106018.8662,di
1399,138041,221862,Lincoln,Stockport,109658.561,di
1400,138041,179357,Lincoln,Oldham,110063.618,di
1401,138041,219690,Lincoln,Stafford,115451.2884,di
1402,138041,208105,Lincoln,Scarborough,117153.7451,di
1403,138041,242053,Lincoln,Walsall,120602.6534,di
1404,138041,254282,Lincoln,Wolverhampton,128705.0893,di
1405,138041,196678,Lincoln,Redditch,139517.0241,di
1406,138041,176647,Lincoln,Norwich,140872.2826,di
1407,138041,176085,Lincoln,Northampton,155666.3098,di
1408,138041,160377,Lincoln,Merton,159110.0248,di
1409,138041,256480,Lincoln,Worcester,161245.155,di
1410,138041,228176,Lincoln,Tewkesbury,176025.5663,di
1411,138041,154505,Lincoln,Maldon,185647.5155,di
1412,138041,227679,Lincoln,Teesdale,185827.8773,di
1413,138041,242314,Lincoln,Wandsworth,197989.8987,di
1414,138041,171685,Lincoln,New Forest,217607.4447,di
1415,138041,209739,Lincoln,Sevenoaks,222892.3507,di
1416,138041,153958,Lincoln,Maidstone,229993.4782,di
1417,138041,252889,Lincoln,Winchester,246910.9151,di
1418,138041,206406,Lincoln,Salisbury,254892.134,di
1419,153228,221862,Macclesfield,Stockport,17117.24277,di
1420,153228,179357,Macclesfield,Oldham,31016.12484,di
1421,153228,219690,Macclesfield,Stafford,50009.999,di
1422,153228,202327,Macclesfield,Rotherham,55362.44214,di
1423,153228,241538,Macclesfield,Wakefield,63031.73804,di
1424,153228,155993,Macclesfield,Mansfield,63150.61362,di
1425,153228,254282,Macclesfield,Wolverhampton,75000.0,di
1426,153228,242053,Macclesfield,Walsall,75663.72975,di
1427,153228,209419,Macclesfield,Selby,91547.80172,di
1428,153228,196678,Macclesfield,Redditch,106794.1946,di
1429,153228,176085,Macclesfield,Northampton,108295.891,di
1430,153228,256480,Macclesfield,Worcester,118152.4439,di
1431,153228,192571,Macclesfield,Preston,119402.68,di
1432,153228,228176,Macclesfield,Tewkesbury,141014.1837,di
1433,153228,245046,Macclesfield,Wellingborough,144360.6595,di
1434,153228,171685,Macclesfield,New Forest,149816.5545,di
1435,153228,227679,Macclesfield,Teesdale,152013.1573,di
1436,153228,208105,Macclesfield,Scarborough,160527.2563,di
1437,153228,160377,Macclesfield,Merton,169387.1306,di
1438,153228,242314,Macclesfield,Wandsworth,239081.576,di
1439,153228,176647,Macclesfield,Norwich,240933.6008,di
1440,153228,206406,Macclesfield,Salisbury,244086.0504,di
1441,153228,252889,Macclesfield,Winchester,250569.3517,di
1442,153228,154505,Macclesfield,Maldon,254568.262,di
1443,153228,209739,Macclesfield,Sevenoaks,271007.38,di
1444,153228,153958,Macclesfield,Maidstone,285917.8204,di
1445,153958,209739,Maidstone,Sevenoaks,24000.0,di
1446,153958,154505,Maidstone,Maldon,52611.78575,di
1447,153958,242314,Maidstone,Wandsworth,54781.3837,di
1448,153958,252889,Maidstone,Winchester,130613.9349,di
1449,153958,160377,Maidstone,Merton,134182.7113,di
1450,153958,245046,Maidstone,Wellingborough,141820.3088,di
1451,153958,176647,Maidstone,Norwich,160056.2401,di
1452,153958,206406,Maidstone,Salisbury,163917.6623,di
1453,153958,192571,Maidstone,Preston,171842.9516,di
1454,153958,228176,Maidstone,Tewkesbury,202232.5394,di
1455,153958,196678,Maidstone,Redditch,205251.0658,di
1456,153958,256480,Maidstone,Worcester,215594.5268,di
1457,153958,176085,Maidstone,Northampton,222146.3482,di
1458,153958,242053,Maidstone,Walsall,225995.5752,di
1459,153958,254282,Maidstone,Wolverhampton,233824.7207,di
1460,153958,155993,Maidstone,Mansfield,239927.0723,di
1461,153958,219690,Maidstone,Stafford,249158.584,di
1462,153958,171685,Maidstone,New Forest,265631.3235,di
1463,153958,202327,Maidstone,Rotherham,271768.2837,di
1464,153958,209419,Maidstone,Selby,299923.3235,di
1465,153958,221862,Maidstone,Stockport,300323.1593,di
1466,153958,241538,Maidstone,Wakefield,301121.238,di
1467,153958,179357,Maidstone,Oldham,309607.8164,di
1468,153958,208105,Maidstone,Scarborough,340907.6121,di
1469,153958,227679,Maidstone,Teesdale,412782.0248,di
1470,154505,209739,Maldon,Sevenoaks,61057.35009,di
1471,154505,242314,Maldon,Wandsworth,67119.29678,di
1472,154505,176647,Maldon,Norwich,108268.1855,di
1473,154505,245046,Maldon,Wellingborough,112361.0253,di
1474,154505,160377,Maldon,Merton,127393.0924,di
1475,154505,192571,Maldon,Preston,135771.8675,di
1476,154505,252889,Maldon,Winchester,156780.1008,di
1477,154505,206406,Maldon,Salisbury,186625.293,di
1478,154505,196678,Maldon,Redditch,189736.6596,di
1479,154505,228176,Maldon,Tewkesbury,196596.0325,di
1480,154505,155993,Maldon,Mansfield,202180.6123,di
1481,154505,242053,Maldon,Walsall,204377.1024,di
1482,154505,256480,Maldon,Worcester,204707.1078,di
1483,154505,176085,Maldon,Northampton,209200.8604,di
1484,154505,254282,Maldon,Wolverhampton,213377.5996,di
1485,154505,219690,Maldon,Stafford,224321.1983,di
1486,154505,202327,Maldon,Rotherham,232606.9646,di
1487,154505,209419,Maldon,Selby,256425.4278,di
1488,154505,241538,Maldon,Wakefield,261093.8529,di
1489,154505,171685,Maldon,New Forest,261961.8293,di
1490,154505,221862,Maldon,Stockport,267421.0164,di
1491,154505,179357,Maldon,Oldham,275087.2589,di
1492,154505,208105,Maldon,Scarborough,292441.4471,di
1493,154505,227679,Maldon,Teesdale,370951.4793,di
1494,155993,202327,Mansfield,Rotherham,32572.99495,di
1495,155993,241538,Mansfield,Wakefield,62297.67251,di
1496,155993,192571,Mansfield,Preston,68095.52114,di
1497,155993,221862,Mansfield,Stockport,70263.78868,di
1498,155993,209419,Mansfield,Selby,71449.28271,di
1499,155993,219690,Mansfield,Stafford,71867.93444,di
1500,155993,179357,Mansfield,Oldham,74632.43263,di
1501,155993,242053,Mansfield,Walsall,81688.43247,di
1502,155993,254282,Mansfield,Wolverhampton,88391.17603,di
1503,155993,245046,Mansfield,Wellingborough,100657.8363,di
1504,155993,196678,Mansfield,Redditch,106004.7169,di
1505,155993,176085,Mansfield,Northampton,118810.7739,di
1506,155993,256480,Mansfield,Worcester,125936.4919,di
1507,155993,208105,Mansfield,Scarborough,136488.0947,di
1508,155993,228176,Mansfield,Tewkesbury,144003.4722,di
1509,155993,160377,Mansfield,Merton,144055.5448,di
1510,155993,227679,Mansfield,Teesdale,174631.0396,di
1511,155993,171685,Mansfield,New Forest,177552.809,di
1512,155993,176647,Mansfield,Norwich,178070.2109,di
1513,155993,242314,Mansfield,Wandsworth,199449.2417,di
1514,155993,209739,Mansfield,Sevenoaks,228554.1511,di
1515,155993,252889,Mansfield,Winchester,232053.8731,di
1516,155993,206406,Mansfield,Salisbury,234269.0761,di
1517,160377,245046,Merton,Wellingborough,59363.28832,di
1518,160377,228176,Merton,Tewkesbury,69634.76143,di
1519,160377,196678,Merton,Redditch,72862.88493,di
1520,160377,242314,Merton,Wandsworth,79924.96481,di
1521,160377,256480,Merton,Worcester,81412.52975,di
1522,160377,176085,Merton,Northampton,88204.30828,di
1523,160377,252889,Merton,Winchester,88459.03006,di
1524,160377,192571,Merton,Preston,90138.78189,di
1525,160377,206406,Merton,Salisbury,97046.38066,di
1526,160377,242053,Merton,Walsall,98473.34665,di
1527,160377,254282,Merton,Wolverhampton,104484.4486,di
1528,160377,209739,Merton,Sevenoaks,113441.6149,di
1529,160377,219690,Merton,Stafford,124342.2696,di
1530,160377,171685,Merton,New Forest,134807.2698,di
1531,160377,202327,Merton,Rotherham,175559.1069,di
1532,160377,221862,Merton,Stockport,185884.3727,di
1533,160377,176647,Merton,Norwich,189306.6296,di
1534,160377,179357,Merton,Oldham,197974.7459,di
1535,160377,241538,Merton,Wakefield,204413.796,di
1536,160377,209419,Merton,Selby,215037.2061,di
1537,160377,208105,Merton,Scarborough,274876.3358,di
1538,160377,227679,Merton,Teesdale,314579.0839,di
1539,171685,256480,New Forest,Worcester,63063.4601,di
1540,171685,176085,New Forest,Northampton,64474.80128,di
1541,171685,228176,New Forest,Tewkesbury,65375.83651,di
1542,171685,196678,New Forest,Redditch,84758.4804,di
1543,171685,254282,New Forest,Wolverhampton,89274.85648,di
1544,171685,242053,New Forest,Walsall,97005.1545,di
1545,171685,219690,New Forest,Stafford,108074.0487,di
1546,171685,206406,New Forest,Salisbury,141354.1651,di
1547,171685,221862,New Forest,Stockport,164395.8637,di
1548,171685,252889,New Forest,Winchester,165758.861,di
1549,171685,245046,New Forest,Wellingborough,167358.8958,di
1550,171685,192571,New Forest,Preston,174751.2518,di
1551,171685,179357,New Forest,Oldham,178462.8813,di
1552,171685,202327,New Forest,Rotherham,193829.8223,di
1553,171685,242314,New Forest,Wandsworth,210943.1203,di
1554,171685,241538,New Forest,Wakefield,211286.5353,di
1555,171685,209419,New Forest,Selby,236681.2202,di
1556,171685,209739,New Forest,Sevenoaks,242981.4808,di
1557,171685,227679,New Forest,Teesdale,294205.7103,di
1558,171685,208105,New Forest,Scarborough,306662.6811,di
1559,171685,176647,New Forest,Norwich,306858.2735,di
1560,176085,256480,Northampton,Worcester,10198.03903,di
1561,176085,196678,Northampton,Redditch,21095.02311,di
1562,176085,228176,Northampton,Tewkesbury,33541.01966,di
1563,176085,254282,Northampton,Wolverhampton,33955.85369,di
1564,176085,242053,Northampton,Walsall,37589.89226,di
1565,176085,219690,Northampton,Stafford,58694.12236,di
1566,176085,245046,Northampton,Wellingborough,106018.8662,di
1567,176085,192571,Northampton,Preston,110385.6875,di
1568,176085,221862,Northampton,Stockport,125143.9172,di
1569,176085,206406,Northampton,Salisbury,138513.5372,di
1570,176085,179357,Northampton,Oldham,139291.0622,di
1571,176085,202327,Northampton,Rotherham,140459.9587,di
1572,176085,252889,Northampton,Winchester,150734.8666,di
1573,176085,241538,Northampton,Wakefield,162864.9747,di
1574,176085,242314,Northampton,Wandsworth,168119.0055,di
1575,176085,209419,Northampton,Selby,184317.6606,di
1576,176085,209739,Northampton,Sevenoaks,201645.7289,di
1577,176085,176647,Northampton,Norwich,243821.6561,di
1578,176085,208105,Northampton,Scarborough,253237.0431,di
1579,176085,227679,Northampton,Teesdale,260192.2366,di
1580,176647,192571,Norwich,Preston,136132.2886,di
1581,176647,245046,Norwich,Wellingborough,140132.0806,di
1582,176647,242314,Norwich,Wandsworth,165205.9321,di
1583,176647,209739,Norwich,Sevenoaks,168671.2779,di
1584,176647,202327,Norwich,Rotherham,198635.3443,di
1585,176647,209419,Norwich,Selby,204009.8037,di
1586,176647,208105,Norwich,Scarborough,216333.0765,di
1587,176647,241538,Norwich,Wakefield,220553.8483,di
1588,176647,242053,Norwich,Walsall,222225.1111,di
1589,176647,196678,Norwich,Redditch,222804.8473,di
1590,176647,219690,Norwich,Stafford,231486.5007,di
1591,176647,254282,Norwich,Wolverhampton,232215.4172,di
1592,176647,256480,Norwich,Worcester,243829.8587,di
1593,176647,228176,Norwich,Tewkesbury,246032.5182,di
1594,176647,221862,Norwich,Stockport,247951.6082,di
1595,176647,179357,Norwich,Oldham,250153.9526,di
1596,176647,252889,Norwich,Winchester,250331.7798,di
1597,176647,206406,Norwich,Salisbury,274526.8657,di
1598,176647,227679,Norwich,Teesdale,316210.373,di
1599,179357,221862,Oldham,Stockport,14317.82106,di
1600,179357,241538,Oldham,Wakefield,44011.36217,di
1601,179357,202327,Oldham,Rotherham,52392.74759,di
1602,179357,209419,Oldham,Selby,74464.75676,di
1603,179357,219690,Oldham,Stafford,81000.0,di
1604,179357,254282,Oldham,Wolverhampton,106004.7169,di
1605,179357,242053,Oldham,Walsall,106381.3893,di
1606,179357,227679,Oldham,Teesdale,121004.1322,di
1607,179357,196678,Oldham,Redditch,137524.5433,di
1608,179357,208105,Oldham,Scarborough,139201.2931,di
1609,179357,192571,Oldham,Preston,139387.9478,di
1610,179357,256480,Oldham,Worcester,149164.3389,di
1611,179357,245046,Oldham,Wellingborough,167863.0394,di
1612,179357,228176,Oldham,Tewkesbury,172026.1608,di
1613,179357,242314,Oldham,Wandsworth,264820.6941,di
1614,179357,206406,Oldham,Salisbury,274881.7928,di
1615,179357,252889,Oldham,Winchester,280643.9025,di
1616,179357,209739,Oldham,Sevenoaks,295974.6611,di
1617,192571,245046,Preston,Wellingborough,35057.09629,di
1618,192571,242053,Preston,Walsall,86092.973,di
1619,192571,196678,Preston,Redditch,90077.7442,di
1620,192571,254282,Preston,Wolverhampton,96083.2972,di
1621,192571,219690,Preston,Stafford,97293.37079,di
1622,192571,202327,Preston,Rotherham,100179.8383,di
1623,192571,256480,Preston,Worcester,112307.6133,di
1624,192571,228176,Preston,Tewkesbury,120432.5537,di
1625,192571,241538,Preston,Wakefield,129769.0256,di
1626,192571,221862,Preston,Stockport,131711.8066,di
1627,192571,242314,Preston,Wandsworth,132563.1925,di
1628,192571,209419,Preston,Selby,132574.5074,di
1629,192571,209739,Preston,Sevenoaks,160729.5866,di
1630,192571,252889,Preston,Winchester,177341.4785,di
1631,192571,208105,Preston,Scarborough,186686.9037,di
1632,192571,206406,Preston,Salisbury,186850.2074,di
1633,192571,227679,Preston,Teesdale,242002.0661,di
1634,196678,256480,Redditch,Worcester,22472.20505,di
1635,196678,242053,Redditch,Walsall,31144.823,di
1636,196678,254282,Redditch,Wolverhampton,33615.47263,di
1637,196678,228176,Redditch,Tewkesbury,38078.86553,di
1638,196678,219690,Redditch,Stafford,57271.28425,di
1639,196678,245046,Redditch,Wellingborough,85000.0,di
1640,196678,221862,Redditch,Stockport,123911.2586,di
1641,196678,202327,Redditch,Rotherham,130942.7356,di
1642,196678,206406,Redditch,Salisbury,137364.4787,di
1643,196678,252889,Redditch,Winchester,144844.7445,di
1644,196678,242314,Redditch,Wandsworth,152003.2894,di
1645,196678,241538,Redditch,Wakefield,155724.115,di
1646,196678,209419,Redditch,Selby,174568.0383,di
1647,196678,209739,Redditch,Sevenoaks,185601.7241,di
1648,196678,208105,Redditch,Scarborough,242161.1034,di
1649,196678,227679,Redditch,Teesdale,258234.3897,di
1650,202327,241538,Rotherham,Wakefield,29732.13749,di
1651,202327,209419,Rotherham,Selby,43863.4244,di
1652,202327,221862,Rotherham,Stockport,54037.02434,di
1653,202327,219690,Rotherham,Stafford,85802.09788,di
1654,202327,242053,Rotherham,Walsall,102956.3014,di
1655,202327,254282,Rotherham,Wolverhampton,107424.392,di
1656,202327,208105,Rotherham,Scarborough,113207.7736,di
1657,202327,245046,Rotherham,Wellingborough,133195.3453,di
1658,202327,227679,Rotherham,Teesdale,142088.0009,di
1659,202327,256480,Rotherham,Worcester,148771.6371,di
1660,202327,228176,Rotherham,Tewkesbury,168866.8114,di
1661,202327,242314,Rotherham,Wandsworth,231976.2919,di
1662,202327,209739,Rotherham,Sevenoaks,260863.9492,di
1663,202327,252889,Rotherham,Winchester,263047.5242,di
1664,202327,206406,Rotherham,Salisbury,263600.0759,di
1665,206406,252889,Salisbury,Winchester,34014.7027,di
1666,206406,228176,Salisbury,Tewkesbury,105019.0459,di
1667,206406,242314,Salisbury,Wandsworth,119774.7887,di
1668,206406,256480,Salisbury,Worcester,128319.9127,di
1669,206406,209739,Salisbury,Sevenoaks,140246.2121,di
1670,206406,245046,Salisbury,Wellingborough,156185.7868,di
1671,206406,242053,Salisbury,Walsall,168502.2255,di
1672,206406,254282,Salisbury,Wolverhampton,169567.0959,di
1673,206406,219690,Salisbury,Stafford,194249.8391,di
1674,206406,221862,Salisbury,Stockport,261199.1577,di
1675,206406,241538,Salisbury,Wakefield,290621.7473,di
1676,206406,209419,Salisbury,Selby,305635.4037,di
1677,206406,208105,Salisbury,Scarborough,368897.0046,di
1678,206406,227679,Salisbury,Teesdale,395557.834,di
1679,208105,209419,Scarborough,Selby,70000.0,di
1680,208105,241538,Scarborough,Wakefield,97590.98319,di
1681,208105,227679,Scarborough,Teesdale,116056.021,di
1682,208105,221862,Scarborough,Stockport,150332.9638,di
1683,208105,219690,Scarborough,Stafford,198861.761,di
1684,208105,242053,Scarborough,Walsall,215647.8611,di
1685,208105,254282,Scarborough,Wolverhampton,220553.8483,di
1686,208105,245046,Scarborough,Wellingborough,221442.9949,di
1687,208105,256480,Scarborough,Worcester,261176.1857,di
1688,208105,228176,Scarborough,Tewkesbury,280235.6152,di
1689,208105,242314,Scarborough,Wandsworth,313772.2104,di
1690,208105,209739,Scarborough,Sevenoaks,336585.7989,di
1691,208105,252889,Scarborough,Winchester,363188.6562,di
1692,209419,241538,Selby,Wakefield,30463.09242,di
1693,209419,221862,Selby,Stockport,83354.66394,di
1694,209419,227679,Selby,Teesdale,115208.5066,di
1695,209419,219690,Selby,Stafford,129003.8759,di
1696,209419,242053,Selby,Walsall,146819.6172,di
1697,209419,254282,Selby,Wolverhampton,151182.0095,di
1698,209419,245046,Selby,Wellingborough,167358.8958,di
1699,209419,256480,Selby,Worcester,192626.5818,di
1700,209419,228176,Selby,Tewkesbury,212565.2841,di
1701,209419,242314,Selby,Wandsworth,264849.0136,di
1702,209419,209739,Selby,Sevenoaks,291564.7441,di
1703,209419,252889,Selby,Winchester,303278.7497,di
1704,209739,242314,Sevenoaks,Wandsworth,33600.59523,di
1705,209739,252889,Sevenoaks,Winchester,107200.7463,di
1706,209739,245046,Sevenoaks,Wellingborough,128502.9183,di
1707,209739,228176,Sevenoaks,Tewkesbury,180272.0167,di
1708,209739,256480,Sevenoaks,Worcester,194650.9697,di
1709,209739,242053,Sevenoaks,Walsall,207966.3434,di
1710,209739,254282,Sevenoaks,Wolverhampton,215336.9453,di
1711,209739,219690,Sevenoaks,Stafford,232000.0,di
1712,209739,221862,Sevenoaks,Stockport,285996.5035,di
1713,209739,241538,Sevenoaks,Wakefield,290492.6849,di
1714,209739,227679,Sevenoaks,Teesdale,402717.0222,di
1715,219690,254282,Stafford,Wolverhampton,25019.99201,di
1716,219690,242053,Stafford,Walsall,26570.66051,di
1717,219690,221862,Stafford,Stockport,67067.13055,di
1718,219690,256480,Stafford,Worcester,68359.34464,di
1719,219690,228176,Stafford,Tewkesbury,91049.43712,di
1720,219690,241538,Stafford,Wakefield,105309.0689,di
1721,219690,245046,Stafford,Wellingborough,112004.4642,di
1722,219690,242314,Stafford,Wandsworth,198979.8985,di
1723,219690,252889,Stafford,Winchester,201920.7765,di
1724,219690,227679,Stafford,Teesdale,202002.4752,di
1725,221862,241538,Stockport,Wakefield,53254.10782,di
1726,221862,254282,Stockport,Wolverhampton,92021.73656,di
1727,221862,242053,Stockport,Walsall,92779.30804,di
1728,221862,227679,Stockport,Teesdale,135059.2463,di
1729,221862,256480,Stockport,Worcester,135059.2463,di
1730,221862,228176,Stockport,Tewkesbury,158000.0,di
1731,221862,245046,Stockport,Wellingborough,158521.2919,di
1732,221862,242314,Stockport,Wandsworth,254403.2233,di
1733,221862,252889,Stockport,Winchester,267585.5004,di
1734,227679,241538,Teesdale,Wakefield,112361.0253,di
1735,227679,254282,Teesdale,Wolverhampton,227008.8104,di
1736,227679,242053,Teesdale,Walsall,227140.9254,di
1737,227679,256480,Teesdale,Worcester,270118.4925,di
1738,227679,245046,Teesdale,Wellingborough,275281.6739,di
1739,227679,228176,Teesdale,Tewkesbury,293027.3025,di
1740,227679,242314,Teesdale,Wandsworth,374064.1656,di
1741,227679,252889,Teesdale,Winchester,399801.2006,di
1742,228176,256480,Tewkesbury,Worcester,23345.23506,di
1743,228176,254282,Tewkesbury,Wolverhampton,66030.29608,di
1744,228176,242053,Tewkesbury,Walsall,67082.03932,di
1745,228176,245046,Tewkesbury,Wellingborough,105948.1005,di
1746,228176,252889,Tewkesbury,Winchester,118701.3058,di
1747,228176,242314,Tewkesbury,Wandsworth,147461.8595,di
1748,228176,241538,Tewkesbury,Wakefield,193080.2942,di
1749,241538,242053,Wakefield,Walsall,126126.9202,di
1750,241538,254282,Wakefield,Wolverhampton,129027.1289,di
1751,241538,245046,Wakefield,Wellingborough,162926.3637,di
1752,241538,256480,Wakefield,Worcester,171840.0419,di
1753,241538,242314,Wakefield,Wandsworth,261704.0313,di
1754,241538,252889,Wakefield,Winchester,291386.3415,di
1755,242053,254282,Walsall,Wolverhampton,10000.0,di
1756,242053,256480,Walsall,Worcester,45880.27899,di
1757,242053,245046,Walsall,Wellingborough,93300.58949,di
1758,242053,242314,Walsall,Wandsworth,174656.8063,di
1759,242053,252889,Walsall,Winchester,175413.7965,di
1760,242314,252889,Wandsworth,Winchester,89693.92399,di
1761,242314,245046,Wandsworth,Wellingborough,98792.71228,di
1762,242314,256480,Wandsworth,Worcester,161245.155,di
1763,242314,254282,Wandsworth,Wolverhampton,181892.8256,di
1764,245046,254282,Wellingborough,Wolverhampton,102786.1858,di
1765,245046,256480,Wellingborough,Worcester,104690.0186,di
1766,245046,252889,Wellingborough,Winchester,143961.8005,di
1767,252889,256480,Winchester,Worcester,140872.2826,di
1768,252889,254282,Winchester,Wolverhampton,178353.5814,di
1769,254282,256480,Wolverhampton,Worcester,43416.58669,di
