<?xml version="1.0" encoding="US-ASCII"?>
<!--
Bayesian network in XMLBIF v0.3 (BayesNet Interchange Format)
Produced by BNJ 3.0 (http://bndev.sourceforge.net/
-->
		<!-- DTD for the XMLBIF 0.3 format -->
<!DOCTYPE BIF [
<!ELEMENT BIF ( NETWORK )*>
<!ATTLIST BIF VERSION CDATA #REQUIRED>
<!ELEMENT NETWORK ( NAME, ( PROPERTY | VARIABLE | DEFINITION )* )>
<!ELEMENT NAME (#PCDATA)>
<!ELEMENT VARIABLE ( NAME, ( OUTCOME |  PROPERTY )* ) >
	<!ATTLIST VARIABLE TYPE (nature|decision|utility) "nature">
<!ELEMENT OUTCOME (#PCDATA)>
<!ELEMENT DEFINITION ( FOR | GIVEN | TABLE | PROPERTY )* >
<!ELEMENT FOR (#PCDATA)>
<!ELEMENT GIVEN (#PCDATA)>
<!ELEMENT TABLE (#PCDATA)>
<!ELEMENT PROPERTY (#PCDATA)>
]>
<BIF VERSION="0.3">
<NETWORK>
<NAME>bn</NAME>
	<VARIABLE TYPE="nature">
		<NAME>intelligence(s)</NAME>
		<OUTCOME>weak</OUTCOME>
		<OUTCOME>average</OUTCOME>
		<OUTCOME>smart</OUTCOME>
		<PROPERTY>position = (243,66)</PROPERTY>
	</VARIABLE>
	<VARIABLE TYPE="nature">
		<NAME>difficulty(c)</NAME>
		<OUTCOME>easy</OUTCOME>
		<OUTCOME>hard</OUTCOME>
		<PROPERTY>position = (321,68)</PROPERTY>
	</VARIABLE>
	<VARIABLE TYPE="nature">
		<NAME>takes(s,c)</NAME>
		<OUTCOME>True</OUTCOME>
		<OUTCOME>False</OUTCOME>
		<PROPERTY>position = (173,78)</PROPERTY>
	</VARIABLE>
	<VARIABLE TYPE="nature">
		<NAME>teaches(p1,c)</NAME>
		<OUTCOME>True</OUTCOME>
		<OUTCOME>False</OUTCOME>
		<PROPERTY>position = (515,82)</PROPERTY>
	</VARIABLE>
	<VARIABLE TYPE="nature">
		<NAME>advises(p2,s)</NAME>
		<OUTCOME>True</OUTCOME>
		<OUTCOME>False</OUTCOME>
		<PROPERTY>position = (652,82)</PROPERTY>
	</VARIABLE>
	<VARIABLE TYPE="nature">
		<NAME>likes(p1,p2)</NAME>
		<OUTCOME>True</OUTCOME>
		<OUTCOME>False</OUTCOME>
		<PROPERTY>position = (768,86)</PROPERTY>
	</VARIABLE>
	<VARIABLE TYPE="nature">
		<NAME>OR:teacherOfLikesAdvisorOf(c,s)|p1,p2</NAME>
		<OUTCOME>True</OUTCOME>
		<OUTCOME>False</OUTCOME>
		<PROPERTY>position = (603,122)</PROPERTY>
	</VARIABLE>
	<VARIABLE TYPE="nature">
		<NAME>grade(s,c)</NAME>
		<OUTCOME>None</OUTCOME>
		<OUTCOME>A</OUTCOME>
		<OUTCOME>B</OUTCOME>
		<OUTCOME>C</OUTCOME>
		<OUTCOME>D</OUTCOME>
		<OUTCOME>F</OUTCOME>
		<PROPERTY>position = (231,127)</PROPERTY>
	</VARIABLE>
	<VARIABLE TYPE="nature">
		<NAME>takesSimilarCourse(s,c)</NAME>
		<OUTCOME>True</OUTCOME>
		<OUTCOME>False</OUTCOME>
		<PROPERTY>position = (111,101)</PROPERTY>
	</VARIABLE>
	<VARIABLE TYPE="nature">
		<NAME>similarRST(c,c2)</NAME>
		<OUTCOME>True</OUTCOME>
		<OUTCOME>False</OUTCOME>
		<PROPERTY>position = (70,22)</PROPERTY>
	</VARIABLE>
	<VARIABLE TYPE="nature">
		<NAME>similar(c1,c2)</NAME>
		<OUTCOME>True</OUTCOME>
		<OUTCOME>False</OUTCOME>
		<PROPERTY>position = (126,-4)</PROPERTY>
	</VARIABLE>
	<DEFINITION>
		<FOR>intelligence(s)</FOR>
		<TABLE>0.2 0.6 0.2 		</TABLE>	</DEFINITION>	<DEFINITION>
		<FOR>difficulty(c)</FOR>
		<TABLE>0.7 0.3 		</TABLE>	</DEFINITION>	<DEFINITION>
		<FOR>takes(s,c)</FOR>
		<TABLE>0.5 0.5 		</TABLE>	</DEFINITION>	<DEFINITION>
		<FOR>teaches(p1,c)</FOR>
		<TABLE>0.5 0.5 		</TABLE>	</DEFINITION>	<DEFINITION>
		<FOR>advises(p2,s)</FOR>
		<TABLE>0.5 0.5 		</TABLE>	</DEFINITION>	<DEFINITION>
		<FOR>likes(p1,p2)</FOR>
		<TABLE>0.2 0.8 		</TABLE>	</DEFINITION>	<DEFINITION>
		<FOR>OR:teacherOfLikesAdvisorOf(c,s)|p1,p2</FOR>
		<GIVEN>teaches(p1,c)</GIVEN>
		<GIVEN>advises(p2,s)</GIVEN>
		<GIVEN>likes(p1,p2)</GIVEN>
		<TABLE>1.0 0.0 0.0 1.0 0.0 1.0 0.0 1.0 0.0 1.0 0.0 1.0 0.0 1.0 0.0 1.0 		</TABLE>	</DEFINITION>	<DEFINITION>
		<FOR>grade(s,c)</FOR>
		<GIVEN>intelligence(s)</GIVEN>
		<GIVEN>difficulty(c)</GIVEN>
		<GIVEN>takes(s,c)</GIVEN>
		<GIVEN>OR:teacherOfLikesAdvisorOf(c,s)|p1,p2</GIVEN>
		<GIVEN>takesSimilarCourse(s,c)</GIVEN>
		<TABLE>0.0 0.9 0.08 0.01 0.0050 0.0050 0.0 0.85 0.1 0.03 0.01 0.01 0.0 0.25 0.45 0.22 0.06 0.02 0.0 0.19999999999999996 0.3999999999999999 0.29999999999999993 0.06999999999999999 0.029999999999999992 1.0 0.0 0.0 0.0 0.0 0.0 1.0 0.0 0.0 0.0 0.0 0.0 1.0 0.0 0.0 0.0 0.0 0.0 1.0 0.0 0.0 0.0 0.0 0.0 0.0 0.9 0.08 0.01 0.0050 0.0050 0.0 0.85 0.1 0.03 0.01 0.01 0.0 0.08 0.12 0.5499999999999999 0.17 0.8 0.0 0.04999999999999999 0.09999999999999998 0.5499999999999999 0.19999999999999996 0.09999999999999998 1.0 0.0 0.0 0.0 0.0 0.0 1.0 0.0 0.0 0.0 0.0 0.0 1.0 0.0 0.0 0.0 0.0 0.0 1.0 0.0 0.0 0.0 0.0 0.0 0.0 0.9 0.08 0.01 0.0050 0.0050 0.0 0.85 0.1 0.03 0.01 0.01 0.0 0.3 0.55 0.1 0.04 0.01 0.0 0.3 0.55 0.1 0.04 0.01 1.0 0.0 0.0 0.0 0.0 0.0 1.0 0.0 0.0 0.0 0.0 0.0 1.0 0.0 0.0 0.0 0.0 0.0 1.0 0.0 0.0 0.0 0.0 0.0 0.0 0.85 0.1 0.03 0.01 0.01 0.0 0.85 0.1 0.03 0.01 0.01 0.0 0.2 0.32 0.43 0.04 0.01 0.0 0.15 0.3 0.45 0.07 0.03 1.0 0.0 0.0 0.0 0.0 0.0 1.0 0.0 0.0 0.0 0.0 0.0 1.0 0.0 0.0 0.0 0.0 0.0 1.0 0.0 0.0 0.0 0.0 0.0 0.0 0.9 0.08 0.01 0.0050 0.0050 0.0 0.85 0.1 0.03 0.01 0.01 0.0 0.9 0.08 0.01 0.0050 0.0050 0.0 0.85 0.1 0.03 0.01 0.01 1.0 0.0 0.0 0.0 0.0 0.0 1.0 0.0 0.0 0.0 0.0 0.0 1.0 0.0 0.0 0.0 0.0 0.0 1.0 0.0 0.0 0.0 0.0 0.0 0.0 0.9 0.08 0.01 0.0050 0.0050 0.0 0.85 0.1 0.03 0.01 0.01 0.0 0.64 0.26 0.08 0.015 0.0050 0.0 0.6 0.25 0.1 0.03 0.02 1.0 0.0 0.0 0.0 0.0 0.0 1.0 0.0 0.0 0.0 0.0 0.0 1.0 0.0 0.0 0.0 0.0 0.0 1.0 0.0 0.0 0.0 0.0 0.0 		</TABLE>	</DEFINITION>	<DEFINITION>
		<FOR>takesSimilarCourse(s,c)</FOR>
		<TABLE>0.5 0.5 		</TABLE>	</DEFINITION>	<DEFINITION>
		<FOR>similarRST(c,c2)</FOR>
		<TABLE>0.5 0.5 		</TABLE>	</DEFINITION>	<DEFINITION>
		<FOR>similar(c1,c2)</FOR>
		<TABLE>0.5 0.5 		</TABLE>	</DEFINITION></NETWORK>
</BIF>
